response_id,constraint_family,pi_sret_constraint_score,atomic_support,atomic_high_support,atomic_divergence,sentence_support,sentence_high_support,sentence_divergence,whole_answer_support,whole_answer_high_support,whole_answer_divergence
resp_02dca3de50d40c37,pressure,1.0,1.0,True,False,1.0,True,False,1.0,True,False
resp_0484bfdaadffe156,chemical_formula,0.0,0.6666666666666666,False,False,0.6666666666666666,False,False,0.6666666666666666,False,False
resp_05372ec3686f8b99,chemical_formula,0.0,0.6666666666666666,False,False,0.6666666666666666,False,False,0.6666666666666666,False,False
resp_078c78c2f391a963,chemical_formula,0.0,0.6666666666666666,False,False,0.6666666666666666,False,False,0.6666666666666666,False,False
resp_080d9371a2b5d8c3,pressure,1.0,1.0,True,False,1.0,True,False,1.0,True,False
resp_0999373004314463,temperature,1.0,1.0,True,False,1.0,True,False,1.0,True,False
resp_0b0474c3a843dfb4,temperature,1.0,1.0,True,False,1.0,True,False,1.0,True,False
resp_0fc7e6ffc6698586,temperature,1.0,1.0,True,False,1.0,True,False,1.0,True,False
resp_158ddd3e99ee7dde,chemical_formula,0.0,0.6666666666666666,False,False,0.6666666666666666,False,False,0.6666666666666666,False,False
resp_1a7c4fd9e42b8c0c,temperature,1.0,1.0,True,False,1.0,True,False,1.0,True,False
resp_1be10a7e49994a37,chemical_formula,0.0,0.6666666666666666,False,False,0.6666666666666666,False,False,0.6666666666666666,False,False
resp_1d3aeedc4f3b348b,temperature,1.0,1.0,True,False,1.0,True,False,1.0,True,False
resp_22d376d4e9a37e3a,temperature,1.0,1.0,True,False,1.0,True,False,1.0,True,False
resp_25474dd3ae8cefa5,pressure,1.0,1.0,True,False,1.0,True,False,1.0,True,False
resp_2f2a6dbcdd0763a4,temperature,1.0,1.0,True,False,1.0,True,False,1.0,True,False
resp_36a2ebd668acbb62,pressure,1.0,1.0,True,False,1.0,True,False,1.0,True,False
resp_3d4590241dc4aaa7,pressure,1.0,1.0,True,False,1.0,True,False,1.0,True,False
resp_439887b0400f2a69,temperature,1.0,1.0,True,False,1.0,True,False,1.0,True,False
resp_4a45b6f7a94f5e52,temperature,1.0,1.0,True,False,1.0,True,False,1.0,True,False
resp_4b3906a4d60d1829,temperature,1.0,1.0,True,False,1.0,True,False,1.0,True,False
resp_009a4cfc20de9b0f,pressure,1.0,0.7708333333333334,False,False,0.7125,False,False,0.6666666666666666,False,False
resp_03d8a87ce306d4a5,temperature,1.0,0.6842105263157895,False,False,0.6842105263157895,False,False,0.6842105263157895,False,False
resp_062e2f0697a5bd8c,temperature,1.0,0.6842105263157895,False,False,0.6842105263157895,False,False,0.6842105263157895,False,False
resp_06e10ba4752ea1d2,chemical_formula,1.0,0.46153846153846156,False,False,0.46153846153846156,False,False,0.46153846153846156,False,False
resp_07a7490644aa2648,temperature,1.0,0.65625,False,False,0.65625,False,False,0.64,False,False
resp_0855d31aa9a58495,pressure,1.0,0.7708333333333334,False,False,0.7125,False,False,0.6666666666666666,False,False
resp_0a615ba1de4a0db0,chemical_formula,1.0,0.46153846153846156,False,False,0.46153846153846156,False,False,0.46153846153846156,False,False
resp_0c7f595945ca99cf,temperature,1.0,0.65625,False,False,0.65625,False,False,0.64,False,False
resp_0e5a519c35fe3f46,temperature,1.0,0.65625,False,False,0.65625,False,False,0.64,False,False
resp_1003eba115db42f9,chemical_formula,1.0,0.46153846153846156,False,False,0.46153846153846156,False,False,0.46153846153846156,False,False
resp_174f71ce98fdeb63,temperature,1.0,0.65625,False,False,0.65625,False,False,0.64,False,False
resp_1c0d03d7d0058006,chemical_formula,1.0,0.46153846153846156,False,False,0.46153846153846156,False,False,0.46153846153846156,False,False
resp_1c3f88e418f4c2f0,pressure,1.0,0.7708333333333334,False,False,0.7125,False,False,0.6666666666666666,False,False
resp_1db9b3f1c16c8fd8,temperature,1.0,0.65625,False,False,0.65625,False,False,0.64,False,False
resp_1fd80c1122141379,pressure,1.0,0.7708333333333334,False,False,0.7125,False,False,0.6666666666666666,False,False
resp_20051a22e4ef87f7,chemical_formula,1.0,0.46153846153846156,False,False,0.46153846153846156,False,False,0.46153846153846156,False,False
resp_24dcaf62839ea894,pressure,1.0,0.7708333333333334,False,False,0.7125,False,False,0.6666666666666666,False,False
resp_280975d3d58e3fc4,temperature,1.0,0.6842105263157895,False,False,0.6842105263157895,False,False,0.6842105263157895,False,False
resp_2c3b55e396071a22,temperature,1.0,0.6842105263157895,False,False,0.6842105263157895,False,False,0.6842105263157895,False,False
resp_38ec79fa5e0a8ed3,temperature,1.0,0.6842105263157895,False,False,0.6842105263157895,False,False,0.6842105263157895,False,False
resp_04dca5bc52b8a2c4,chemical_formula,1.0,0.0,False,False,0.0,False,False,0.0,False,False
resp_050386ffc42b4c7f,chemical_formula,1.0,0.0,False,False,0.0,False,False,0.0,False,False
resp_053c5d4e75343737,temperature,1.0,1.0,True,False,1.0,True,False,1.0,True,False
resp_0afb459b5204de6d,temperature,1.0,1.0,True,False,1.0,True,False,1.0,True,False
resp_0c02e225b491d9fa,temperature,1.0,1.0,True,False,1.0,True,False,1.0,True,False
resp_14c264b68aa3bdea,chemical_formula,1.0,0.0,False,False,0.0,False,False,0.0,False,False
resp_16c668a11b75f677,chemical_formula,1.0,0.0,False,False,0.0,False,False,0.0,False,False
resp_196865a455e3c3e4,temperature,1.0,1.0,True,False,1.0,True,False,1.0,True,False
resp_1c0c287e8fcd7d38,temperature,1.0,1.0,True,False,1.0,True,False,1.0,True,False
resp_1c6959aa5a1e609a,chemical_formula,1.0,0.0,False,False,0.0,False,False,0.0,False,False
resp_24e4b834411c5b77,pressure,1.0,1.0,True,False,1.0,True,False,1.0,True,False
resp_2b8e662d851b1921,pressure,1.0,1.0,True,False,1.0,True,False,1.0,True,False
resp_2d6038d55fd54a6b,pressure,1.0,1.0,True,False,1.0,True,False,1.0,True,False
resp_2e1f4bb191b16531,pressure,1.0,1.0,True,False,1.0,True,False,1.0,True,False
resp_2e9ab6a6d442e9b4,temperature,1.0,1.0,True,False,1.0,True,False,1.0,True,False
resp_31c6bc06631b421b,temperature,1.0,1.0,True,False,1.0,True,False,1.0,True,False
resp_31cc3dd79f769de3,pressure,1.0,1.0,True,False,1.0,True,False,1.0,True,False
resp_37d5abe804310bc8,temperature,1.0,1.0,True,False,1.0,True,False,1.0,True,False
resp_3a404a2eecd341ee,temperature,1.0,1.0,True,False,1.0,True,False,1.0,True,False
resp_479b36e6baca544c,temperature,1.0,1.0,True,False,1.0,True,False,1.0,True,False
resp_00abb9c53745cb22,pressure,1.0,0.8333333333333334,True,False,0.8333333333333334,True,False,0.8333333333333334,True,False
resp_024a1fee854a603a,temperature,1.0,0.6842105263157895,False,False,0.6842105263157895,False,False,0.6842105263157895,False,False
resp_02a43694cc3d26ee,temperature,1.0,0.6842105263157895,False,False,0.6842105263157895,False,False,0.6842105263157895,False,False
resp_049e515c19216bbf,pressure,1.0,0.8333333333333334,True,False,0.8333333333333334,True,False,0.8333333333333334,True,False
resp_0828892302f68e78,pressure,1.0,0.8333333333333334,True,False,0.8333333333333334,True,False,0.8333333333333334,True,False
resp_08b051d857c114aa,temperature,1.0,0.75,False,False,0.75,False,False,0.7142857142857143,False,False
resp_0cb2223497a3b83d,temperature,1.0,0.75,False,False,0.75,False,False,0.7142857142857143,False,False
resp_0cf5a20236608e6a,chemical_formula,1.0,0.6,False,False,0.6,False,False,0.6,False,False
resp_1292802ea844c1da,temperature,1.0,0.75,False,False,0.75,False,False,0.7142857142857143,False,False
resp_13da068023690aa9,temperature,1.0,0.6842105263157895,False,False,0.6842105263157895,False,False,0.6842105263157895,False,False
resp_1f409743e1de8a0e,chemical_formula,1.0,0.6,False,False,0.6,False,False,0.6,False,False
resp_2081f35f1fde2db6,pressure,1.0,0.8333333333333334,True,False,0.8333333333333334,True,False,0.8333333333333334,True,False
resp_21cf4767a09fdcd9,temperature,1.0,0.75,False,False,0.75,False,False,0.7142857142857143,False,False
resp_247f82ff4af4fdaa,temperature,1.0,0.6842105263157895,False,False,0.6842105263157895,False,False,0.6842105263157895,False,False
resp_2a139fbb29f894e6,temperature,1.0,0.75,False,False,0.75,False,False,0.7142857142857143,False,False
resp_2a984ee54462100c,chemical_formula,1.0,0.6,False,False,0.6,False,False,0.6,False,False
resp_2bf99277200c8156,chemical_formula,1.0,0.6,False,False,0.6,False,False,0.6,False,False
resp_2e901a79827e39fb,pressure,1.0,0.8333333333333334,True,False,0.8333333333333334,True,False,0.8333333333333334,True,False
resp_386c44b1421be3e6,chemical_formula,1.0,0.6,False,False,0.6,False,False,0.6,False,False
resp_0001858ac01dbee3,stability,0.0,0.6666666666666666,False,False,0.6666666666666666,False,False,0.6666666666666666,False,False
resp_000e7d4b6718e189,formation_energy,0.0,0.5555555555555556,False,False,0.5555555555555556,False,False,0.5555555555555556,False,False
resp_00207198d958bc6f,band_gap,0.0,0.625,False,False,0.625,False,False,0.625,False,False
resp_003dd29c2ac412a3,band_gap,0.0,0.625,False,False,0.625,False,False,0.625,False,False
resp_00495b48dffd8812,band_gap,0.0,0.75,False,False,0.75,False,False,0.75,False,False
resp_005f1bf3fc545be3,formation_energy,1.0,0.8916666666666666,True,False,0.8,True,False,0.8,True,False
resp_006bda7d1afdcab0,stability,0.0,0.6666666666666666,False,False,0.6666666666666666,False,False,0.6666666666666666,False,False
resp_006ca06845faf507,band_gap,0.0,0.75,False,False,0.75,False,False,0.75,False,False
resp_00723b36839c8d4f,band_gap,0.0,0.45454545454545453,False,False,0.45454545454545453,False,False,0.45454545454545453,False,False
resp_00739387ab4e8af6,formation_energy,0.0,0.5555555555555556,False,False,0.5555555555555556,False,False,0.5555555555555556,False,False
resp_00789662734d3b93,formation_energy,0.0,0.6666666666666666,False,False,0.6666666666666666,False,False,0.6666666666666666,False,False
resp_007f29ab4a684a79,band_gap,0.0,0.5,False,False,0.5,False,False,0.5,False,False
resp_0096483b34b2479b,stability,0.0,0.6666666666666666,False,False,0.6666666666666666,False,False,0.6666666666666666,False,False
resp_009ed527f0d3d450,band_gap,0.0,0.45454545454545453,False,False,0.45454545454545453,False,False,0.45454545454545453,False,False
resp_00aa50db342b8a97,band_gap,0.0,0.625,False,False,0.625,False,False,0.625,False,False
resp_00ac7c4ca758b0f2,band_gap,0.0,0.625,False,False,0.625,False,False,0.625,False,False
resp_00b139122dff317b,stability,0.0,0.6666666666666666,False,False,0.6666666666666666,False,False,0.6666666666666666,False,False
resp_00c08ef51ae3ef0f,formation_energy,1.0,0.6666666666666666,False,False,0.6666666666666666,False,False,0.6666666666666666,False,False
resp_00c64e8e4da40e43,formation_energy,1.0,0.8916666666666666,True,False,0.8,True,False,0.8,True,False
resp_00d2d244b46f9bb0,band_gap,0.0,0.75,False,False,0.75,False,False,0.75,False,False
resp_00d381733ff87166,band_gap,1.0,0.5,False,False,0.5,False,False,0.5,False,False
resp_00d7671d5f54bb58,band_gap,1.0,0.5,False,False,0.5,False,False,0.5,False,False
resp_00deb8360b74eb32,stability,0.0,0.6666666666666666,False,False,0.6666666666666666,False,False,0.6666666666666666,False,False
resp_00ebdffb0d23b4ac,formation_energy,0.0,0.5555555555555556,False,False,0.5555555555555556,False,False,0.5555555555555556,False,False
resp_00f0b01282ffe13a,formation_energy,0.0,0.5555555555555556,False,False,0.5555555555555556,False,False,0.5555555555555556,False,False
resp_00f32a6805aad786,formation_energy,1.0,0.8916666666666666,True,False,0.8,True,False,0.8,True,False
resp_00f53df70a99a5f3,band_gap,0.0,0.75,False,False,0.75,False,False,0.75,False,False
resp_00f6303a95a21cc7,formation_energy,0.0,0.6666666666666666,False,False,0.6666666666666666,False,False,0.6666666666666666,False,False
resp_00fcbc9929e747e6,formation_energy,0.0,0.6666666666666666,False,False,0.6666666666666666,False,False,0.6666666666666666,False,False
resp_010495863986ae65,stability,0.0,0.6666666666666666,False,False,0.6666666666666666,False,False,0.6666666666666666,False,False
resp_010e16a94a8d3858,formation_energy,1.0,0.8916666666666666,True,False,0.8,True,False,0.8,True,False
resp_0122484a0977a12a,stability,0.0,0.6666666666666666,False,False,0.6666666666666666,False,False,0.6666666666666666,False,False
resp_012d9505a910a81a,band_gap,1.0,0.5,False,False,0.5,False,False,0.5,False,False
resp_0132e6f9514ee0d6,formation_energy,0.0,0.6666666666666666,False,False,0.6666666666666666,False,False,0.6666666666666666,False,False
resp_013360c15aa9fb4b,formation_energy,0.0,0.5555555555555556,False,False,0.5555555555555556,False,False,0.5555555555555556,False,False
resp_0135c76207452f1f,formation_energy,1.0,0.6666666666666666,False,False,0.6666666666666666,False,False,0.6666666666666666,False,False
resp_013a5b6f64fffd39,formation_energy,0.0,0.5555555555555556,False,False,0.5555555555555556,False,False,0.5555555555555556,False,False
resp_013f64b255e20724,stability,0.0,0.6666666666666666,False,False,0.6666666666666666,False,False,0.6666666666666666,False,False
resp_014334995e5b562d,formation_energy,1.0,0.6666666666666666,False,False,0.6666666666666666,False,False,0.6666666666666666,False,False
resp_014526fa7d170ed6,formation_energy,0.0,0.5555555555555556,False,False,0.5555555555555556,False,False,0.5555555555555556,False,False
resp_0146648feefb0191,band_gap,0.0,0.5,False,False,0.5,False,False,0.5,False,False
resp_014e312a78c8864f,band_gap,1.0,0.5,False,False,0.5,False,False,0.5,False,False
resp_0161e2004a140640,formation_energy,0.0,0.5555555555555556,False,False,0.5555555555555556,False,False,0.5555555555555556,False,False
resp_016bc17d5d71df3e,band_gap,1.0,0.5,False,False,0.5,False,False,0.5,False,False
resp_0194fbf3e6ca771e,band_gap,0.0,0.45454545454545453,False,False,0.45454545454545453,False,False,0.45454545454545453,False,False
resp_019b7f2ab7296fe4,stability,0.0,0.6666666666666666,False,False,0.6666666666666666,False,False,0.6666666666666666,False,False
resp_01a14d5935fc26bc,formation_energy,1.0,0.6666666666666666,False,False,0.6666666666666666,False,False,0.6666666666666666,False,False
resp_01a879b255089ddf,band_gap,0.0,0.625,False,False,0.625,False,False,0.625,False,False
resp_01af79feb3c5f331,formation_energy,0.0,0.6666666666666666,False,False,0.6666666666666666,False,False,0.6666666666666666,False,False
resp_01d76012e5c3bf9a,band_gap,0.0,0.4,False,False,0.4,False,False,0.4,False,False
resp_01d9cbfe8f555361,stability,0.0,0.6666666666666666,False,False,0.6666666666666666,False,False,0.6666666666666666,False,False
resp_0203e28e19d28427,formation_energy,1.0,0.8916666666666666,True,False,0.8,True,False,0.8,True,False
resp_0207216ae9d47812,formation_energy,0.0,0.5555555555555556,False,False,0.5555555555555556,False,False,0.5555555555555556,False,False
resp_020c0dfad1b24c3b,band_gap,0.0,0.75,False,False,0.75,False,False,0.75,False,False
resp_02112d0db3a48856,formation_energy,0.0,0.5555555555555556,False,False,0.5555555555555556,False,False,0.5555555555555556,False,False
resp_02194fbd6d279a49,formation_energy,1.0,0.8916666666666666,True,False,0.8,True,False,0.8,True,False
resp_02196dd03a5c4469,band_gap,0.0,0.45454545454545453,False,False,0.45454545454545453,False,False,0.45454545454545453,False,False
resp_0226ddf1557b1aba,band_gap,1.0,0.5,False,False,0.5,False,False,0.5,False,False
resp_0234289563a7991e,formation_energy,0.0,0.6666666666666666,False,False,0.6666666666666666,False,False,0.6666666666666666,False,False
resp_023d7426b05c1378,formation_energy,1.0,0.6666666666666666,False,False,0.6666666666666666,False,False,0.6666666666666666,False,False
resp_0240428b3221a165,formation_energy,1.0,0.8916666666666666,True,False,0.8,True,False,0.8,True,False
resp_024333022c07fd30,band_gap,1.0,0.5,False,False,0.5,False,False,0.5,False,False
resp_024ab07be8a53791,stability,0.0,0.6666666666666666,False,False,0.6666666666666666,False,False,0.6666666666666666,False,False
resp_02502b7bbc7b4b9f,formation_energy,1.0,0.6666666666666666,False,False,0.6666666666666666,False,False,0.6666666666666666,False,False
resp_0254bdaf16ec150e,formation_energy,1.0,0.8916666666666666,True,False,0.8,True,False,0.8,True,False
resp_025a262155faaf8a,band_gap,1.0,0.5,False,False,0.5,False,False,0.5,False,False
resp_0263d8867645eb6a,band_gap,1.0,0.5,False,False,0.5,False,False,0.5,False,False
resp_0267c851ee2e91f2,formation_energy,0.0,0.6666666666666666,False,False,0.6666666666666666,False,False,0.6666666666666666,False,False
resp_026de1a102e933be,formation_energy,0.0,0.5555555555555556,False,False,0.5555555555555556,False,False,0.5555555555555556,False,False
resp_0270f5ac75d48363,formation_energy,1.0,0.6666666666666666,False,False,0.6666666666666666,False,False,0.6666666666666666,False,False
resp_02749c33051e6d52,band_gap,0.0,0.75,False,False,0.75,False,False,0.75,False,False
resp_029f3d956175e378,band_gap,0.0,0.45454545454545453,False,False,0.45454545454545453,False,False,0.45454545454545453,False,False
resp_02a36f9b7bfde6fc,band_gap,0.0,0.625,False,False,0.625,False,False,0.625,False,False
resp_02b6bdf8ef6646fc,band_gap,0.0,0.75,False,False,0.75,False,False,0.75,False,False
resp_02be16c42f4f35b3,band_gap,0.0,0.75,False,False,0.75,False,False,0.75,False,False
resp_02c39eee6f2fca99,band_gap,0.0,0.625,False,False,0.625,False,False,0.625,False,False
resp_02caf082ee15004a,stability,0.0,0.6666666666666666,False,False,0.6666666666666666,False,False,0.6666666666666666,False,False
resp_02cc2dcf0fb15c9d,band_gap,0.0,0.45454545454545453,False,False,0.45454545454545453,False,False,0.45454545454545453,False,False
resp_02cdd1c21c3f9e36,formation_energy,1.0,0.6666666666666666,False,False,0.6666666666666666,False,False,0.6666666666666666,False,False
resp_02d34b03d3bea176,band_gap,1.0,0.5,False,False,0.5,False,False,0.5,False,False
resp_02d9f4f2957499fa,formation_energy,0.0,0.5555555555555556,False,False,0.5555555555555556,False,False,0.5555555555555556,False,False
resp_02e2584a2078bf05,band_gap,0.0,0.45454545454545453,False,False,0.45454545454545453,False,False,0.45454545454545453,False,False
resp_0316a2a5b5dfc4ce,stability,0.0,0.6666666666666666,False,False,0.6666666666666666,False,False,0.6666666666666666,False,False
resp_03172b8f871f6a6e,stability,0.0,0.6666666666666666,False,False,0.6666666666666666,False,False,0.6666666666666666,False,False
resp_0317c744207af544,band_gap,1.0,0.5,False,False,0.5,False,False,0.5,False,False
resp_032020e31d13baa8,stability,0.0,0.6666666666666666,False,False,0.6666666666666666,False,False,0.6666666666666666,False,False
resp_03259d64822a48e7,formation_energy,0.0,0.6666666666666666,False,False,0.6666666666666666,False,False,0.6666666666666666,False,False
resp_0334f8fe3da21bf0,formation_energy,1.0,0.8916666666666666,True,False,0.8,True,False,0.8,True,False
resp_0335d2836b734b14,stability,0.0,0.6666666666666666,False,False,0.6666666666666666,False,False,0.6666666666666666,False,False
resp_03421b4cb2e7d2ef,band_gap,1.0,0.5,False,False,0.5,False,False,0.5,False,False
resp_034f45ae91e9af35,formation_energy,1.0,0.8916666666666666,True,False,0.8,True,False,0.8,True,False
resp_0359ab9dc565b528,band_gap,1.0,0.5,False,False,0.5,False,False,0.5,False,False
resp_0386b3175359970b,formation_energy,0.0,0.5555555555555556,False,False,0.5555555555555556,False,False,0.5555555555555556,False,False
resp_039199d39b811eaa,stability,0.0,0.6666666666666666,False,False,0.6666666666666666,False,False,0.6666666666666666,False,False
resp_0396f7c5df16fe64,stability,0.0,0.6666666666666666,False,False,0.6666666666666666,False,False,0.6666666666666666,False,False
resp_0399d5c1d3202047,band_gap,0.0,0.75,False,False,0.75,False,False,0.75,False,False
resp_039a67b78b3e4f80,formation_energy,1.0,0.6666666666666666,False,False,0.6666666666666666,False,False,0.6666666666666666,False,False
resp_03a74e4dfc2e6f4e,band_gap,0.0,0.45454545454545453,False,False,0.45454545454545453,False,False,0.45454545454545453,False,False
resp_03b9a672d43ca9b1,band_gap,0.0,0.625,False,False,0.625,False,False,0.625,False,False
resp_03c41bfa58459469,band_gap,0.0,0.45454545454545453,False,False,0.45454545454545453,False,False,0.45454545454545453,False,False
resp_03d7886da44f8c6e,formation_energy,1.0,0.8916666666666666,True,False,0.8,True,False,0.8,True,False
resp_03dcb1c03c786674,formation_energy,0.0,0.5555555555555556,False,False,0.5555555555555556,False,False,0.5555555555555556,False,False
resp_03e05b3041ee788d,band_gap,1.0,0.5,False,False,0.5,False,False,0.5,False,False
resp_03e55e96e6c508a1,band_gap,0.0,0.625,False,False,0.625,False,False,0.625,False,False
resp_03f0215cb8956e5b,band_gap,0.0,0.45454545454545453,False,False,0.45454545454545453,False,False,0.45454545454545453,False,False
resp_03f7e1bd259c2a58,band_gap,0.0,0.45454545454545453,False,False,0.45454545454545453,False,False,0.45454545454545453,False,False
resp_03f9d87a97130461,stability,0.0,0.6666666666666666,False,False,0.6666666666666666,False,False,0.6666666666666666,False,False
resp_03faa1a7669f82ab,formation_energy,0.0,0.5555555555555556,False,False,0.5555555555555556,False,False,0.5555555555555556,False,False
resp_0405d362a6d78098,band_gap,0.0,0.75,False,False,0.75,False,False,0.75,False,False
resp_040de77f17d58002,stability,0.0,0.6666666666666666,False,False,0.6666666666666666,False,False,0.6666666666666666,False,False
resp_040e07490b6f94af,stability,0.0,0.6666666666666666,False,False,0.6666666666666666,False,False,0.6666666666666666,False,False
resp_040f045899977d76,formation_energy,0.0,0.5555555555555556,False,False,0.5555555555555556,False,False,0.5555555555555556,False,False
resp_04137a8aa7519766,band_gap,0.0,0.625,False,False,0.625,False,False,0.625,False,False
resp_04217515ca9a59ee,band_gap,1.0,0.5,False,False,0.5,False,False,0.5,False,False
resp_042c8299d5161ab3,stability,0.0,0.6666666666666666,False,False,0.6666666666666666,False,False,0.6666666666666666,False,False
resp_0437d9b96872ae68,stability,0.0,0.6666666666666666,False,False,0.6666666666666666,False,False,0.6666666666666666,False,False
resp_04495b0976c0c638,formation_energy,1.0,0.8916666666666666,True,False,0.8,True,False,0.8,True,False
resp_044b10df8863da94,stability,0.0,0.6666666666666666,False,False,0.6666666666666666,False,False,0.6666666666666666,False,False
resp_044c82e6276ed773,band_gap,0.0,0.625,False,False,0.625,False,False,0.625,False,False
resp_0450f7fd2746ffd5,formation_energy,0.0,0.5555555555555556,False,False,0.5555555555555556,False,False,0.5555555555555556,False,False
resp_04556d4e3792f5f3,band_gap,0.0,0.45454545454545453,False,False,0.45454545454545453,False,False,0.45454545454545453,False,False
resp_046d94690a4eb4bb,formation_energy,0.0,0.6666666666666666,False,False,0.6666666666666666,False,False,0.6666666666666666,False,False
resp_04738b10695dd165,stability,0.0,0.6666666666666666,False,False,0.6666666666666666,False,False,0.6666666666666666,False,False
resp_0474bc04baff4733,stability,0.0,0.6666666666666666,False,False,0.6666666666666666,False,False,0.6666666666666666,False,False
resp_04783b1a132ab2cb,formation_energy,1.0,0.6666666666666666,False,False,0.6666666666666666,False,False,0.6666666666666666,False,False
resp_048d6c7f335528f8,band_gap,0.0,0.625,False,False,0.625,False,False,0.625,False,False
resp_049a10512c40b6e5,formation_energy,1.0,0.8916666666666666,True,False,0.8,True,False,0.8,True,False
resp_04a281cfda243578,band_gap,1.0,0.5,False,False,0.5,False,False,0.5,False,False
resp_04aed07d9752de7b,band_gap,0.0,0.75,False,False,0.75,False,False,0.75,False,False
resp_04b1f615e1f8dd27,formation_energy,1.0,0.6666666666666666,False,False,0.6666666666666666,False,False,0.6666666666666666,False,False
resp_04ba7dd8e2e486c2,band_gap,0.0,0.625,False,False,0.625,False,False,0.625,False,False
resp_04be25b332a2c31e,formation_energy,0.0,0.5555555555555556,False,False,0.5555555555555556,False,False,0.5555555555555556,False,False
resp_04c0a8a82f9e61a0,stability,0.0,0.6666666666666666,False,False,0.6666666666666666,False,False,0.6666666666666666,False,False
resp_04c11de37eae0042,formation_energy,0.0,0.5555555555555556,False,False,0.5555555555555556,False,False,0.5555555555555556,False,False
resp_04c791a09f8c9368,stability,0.0,0.6666666666666666,False,False,0.6666666666666666,False,False,0.6666666666666666,False,False
resp_04cd8327aaa4c20d,band_gap,0.0,0.625,False,False,0.625,False,False,0.625,False,False
resp_04d10970b9af19bd,formation_energy,0.0,0.5555555555555556,False,False,0.5555555555555556,False,False,0.5555555555555556,False,False
resp_04d5f1aa45e3813d,band_gap,0.0,0.45454545454545453,False,False,0.45454545454545453,False,False,0.45454545454545453,False,False
resp_04d650fd6a1d9c83,band_gap,0.0,0.75,False,False,0.75,False,False,0.75,False,False
resp_04ea2dccffb22f61,formation_energy,1.0,0.6666666666666666,False,False,0.6666666666666666,False,False,0.6666666666666666,False,False
resp_04ece63ef81d7255,formation_energy,1.0,0.8916666666666666,True,False,0.8,True,False,0.8,True,False
resp_04ff0b962ef8512b,band_gap,0.0,0.625,False,False,0.625,False,False,0.625,False,False
resp_04ff123955dc8e85,band_gap,0.0,0.5,False,False,0.5,False,False,0.5,False,False
resp_05089aaee0499105,formation_energy,1.0,0.8916666666666666,True,False,0.8,True,False,0.8,True,False
resp_050aee5c3dd9db81,band_gap,0.0,0.75,False,False,0.75,False,False,0.75,False,False
resp_05173167bd18036a,band_gap,0.0,0.5,False,False,0.5,False,False,0.5,False,False
resp_051946fb123c58a0,formation_energy,1.0,0.8916666666666666,True,False,0.8,True,False,0.8,True,False
resp_05195dd73d14201c,formation_energy,1.0,0.6666666666666666,False,False,0.6666666666666666,False,False,0.6666666666666666,False,False
resp_05295965e793c4ba,band_gap,0.0,0.5,False,False,0.5,False,False,0.5,False,False
resp_0535f4630067ac5c,band_gap,0.0,0.75,False,False,0.75,False,False,0.75,False,False
resp_053786e1e36c90a5,formation_energy,1.0,0.8916666666666666,True,False,0.8,True,False,0.8,True,False
resp_053b3087c4dcc591,stability,0.0,0.6666666666666666,False,False,0.6666666666666666,False,False,0.6666666666666666,False,False
resp_0545cdec1967bb77,formation_energy,0.0,0.5555555555555556,False,False,0.5555555555555556,False,False,0.5555555555555556,False,False
resp_054891727c137f94,band_gap,0.0,0.75,False,False,0.75,False,False,0.75,False,False
resp_0555ad6c14596df2,band_gap,0.0,0.625,False,False,0.625,False,False,0.625,False,False
resp_0556b0121b156115,formation_energy,1.0,0.8916666666666666,True,False,0.8125,True,False,0.8125,True,False
resp_056cdc365b924647,formation_energy,1.0,0.6666666666666666,False,False,0.6666666666666666,False,False,0.6666666666666666,False,False
resp_056e8b9d266837a7,band_gap,0.0,0.625,False,False,0.625,False,False,0.625,False,False
resp_0573c9a37bd80521,formation_energy,1.0,0.8916666666666666,True,False,0.8,True,False,0.8,True,False
resp_0574c53adb5d30cf,band_gap,0.0,0.4,False,False,0.4,False,False,0.4,False,False
resp_058ae7b6215bc44a,stability,0.0,0.6666666666666666,False,False,0.6666666666666666,False,False,0.6666666666666666,False,False
resp_05992928f2c8fa79,band_gap,0.0,0.75,False,False,0.75,False,False,0.75,False,False
resp_059f52f61aa3ac38,formation_energy,1.0,0.6666666666666666,False,False,0.6666666666666666,False,False,0.6666666666666666,False,False
resp_05a8385d9ae2feda,formation_energy,1.0,0.8916666666666666,True,False,0.8125,True,False,0.8125,True,False
resp_05c58db5ac8f39ef,formation_energy,1.0,0.6666666666666666,False,False,0.6666666666666666,False,False,0.6666666666666666,False,False
resp_05cc972d2edf35bc,formation_energy,0.0,0.5555555555555556,False,False,0.5555555555555556,False,False,0.5555555555555556,False,False
resp_05d16a0dbb54d998,stability,0.0,0.6666666666666666,False,False,0.6666666666666666,False,False,0.6666666666666666,False,False
resp_05e41e7a3f1ecf02,formation_energy,0.0,0.5555555555555556,False,False,0.5555555555555556,False,False,0.5555555555555556,False,False
resp_05ed15347bc2662b,stability,0.0,0.6666666666666666,False,False,0.6666666666666666,False,False,0.6666666666666666,False,False
resp_05f26ce77c34d603,band_gap,1.0,0.5,False,False,0.5,False,False,0.5,False,False
resp_0607765c4c55cb31,band_gap,1.0,0.5,False,False,0.5,False,False,0.5,False,False
resp_060c0766a515ac98,band_gap,1.0,0.5,False,False,0.5,False,False,0.5,False,False
resp_0615b56330caac73,formation_energy,1.0,0.8916666666666666,True,False,0.8125,True,False,0.8125,True,False
resp_06398ee3041b08c7,formation_energy,0.0,0.6666666666666666,False,False,0.6666666666666666,False,False,0.6666666666666666,False,False
resp_0662124c763bf267,stability,0.0,0.6666666666666666,False,False,0.6666666666666666,False,False,0.6666666666666666,False,False
resp_067a5914db8756ac,stability,0.0,0.6666666666666666,False,False,0.6666666666666666,False,False,0.6666666666666666,False,False
resp_06a6700fba4970ab,stability,0.0,0.6666666666666666,False,False,0.6666666666666666,False,False,0.6666666666666666,False,False
resp_06b64f7375261fad,stability,0.0,0.6666666666666666,False,False,0.6666666666666666,False,False,0.6666666666666666,False,False
resp_0712f9f1b7a6a9c8,stability,0.0,0.6666666666666666,False,False,0.6666666666666666,False,False,0.6666666666666666,False,False
resp_0714fccf62ad0acb,stability,0.0,0.6666666666666666,False,False,0.6666666666666666,False,False,0.6666666666666666,False,False
resp_074e95fb79de8994,stability,0.0,0.6666666666666666,False,False,0.6666666666666666,False,False,0.6666666666666666,False,False
resp_07712564ed25ac5c,stability,0.0,0.6666666666666666,False,False,0.6666666666666666,False,False,0.6666666666666666,False,False
resp_07b138aba99ef0a9,stability,0.0,0.6666666666666666,False,False,0.6666666666666666,False,False,0.6666666666666666,False,False
resp_07cd763046aa402f,stability,0.0,0.6666666666666666,False,False,0.6666666666666666,False,False,0.6666666666666666,False,False
resp_0811a94996d8dec8,stability,0.0,0.6666666666666666,False,False,0.6666666666666666,False,False,0.6666666666666666,False,False
resp_081b737cb8c68a33,stability,0.0,0.6666666666666666,False,False,0.6666666666666666,False,False,0.6666666666666666,False,False
resp_08ea65f04b84fb87,stability,0.0,0.6666666666666666,False,False,0.6666666666666666,False,False,0.6666666666666666,False,False
resp_08f94c2e3e8ff4ef,stability,0.0,0.6666666666666666,False,False,0.6666666666666666,False,False,0.6666666666666666,False,False
resp_0907d9001a1d97a3,stability,0.0,0.6666666666666666,False,False,0.6666666666666666,False,False,0.6666666666666666,False,False
resp_0932c3570aedbbf7,stability,0.0,0.6666666666666666,False,False,0.6666666666666666,False,False,0.6666666666666666,False,False
resp_09bb069a6fa9de89,stability,0.0,0.6666666666666666,False,False,0.6666666666666666,False,False,0.6666666666666666,False,False
resp_09ea35a478ea8ea7,stability,0.0,0.6666666666666666,False,False,0.6666666666666666,False,False,0.6666666666666666,False,False
resp_0a01d01b53ec8cce,stability,0.0,0.6666666666666666,False,False,0.6666666666666666,False,False,0.6666666666666666,False,False
resp_0a1cf3501296ffb1,stability,0.0,0.6666666666666666,False,False,0.6666666666666666,False,False,0.6666666666666666,False,False
resp_0a43c87feebee838,stability,0.0,0.6666666666666666,False,False,0.6666666666666666,False,False,0.6666666666666666,False,False
resp_0a926a8bdcf05d72,stability,0.0,0.6666666666666666,False,False,0.6666666666666666,False,False,0.6666666666666666,False,False
resp_0a9d29271a0816cb,stability,0.0,0.6666666666666666,False,False,0.6666666666666666,False,False,0.6666666666666666,False,False
resp_0b1683c344c19af8,stability,0.0,0.6666666666666666,False,False,0.6666666666666666,False,False,0.6666666666666666,False,False
resp_0b651e8f69e1dad9,stability,0.0,0.6666666666666666,False,False,0.6666666666666666,False,False,0.6666666666666666,False,False
resp_0bccd493d4a30ca8,stability,0.0,0.6666666666666666,False,False,0.6666666666666666,False,False,0.6666666666666666,False,False
resp_0c007a35c6c87d66,stability,0.0,0.6666666666666666,False,False,0.6666666666666666,False,False,0.6666666666666666,False,False
resp_0c1d780e4ec66383,stability,0.0,0.6666666666666666,False,False,0.6666666666666666,False,False,0.6666666666666666,False,False
resp_0c3aef13425cbc19,stability,0.0,0.6666666666666666,False,False,0.6666666666666666,False,False,0.6666666666666666,False,False
resp_0c446e87222fe111,stability,0.0,0.6666666666666666,False,False,0.6666666666666666,False,False,0.6666666666666666,False,False
resp_002b6ba46c86ff76,superconductivity,1.0,1.0,True,False,1.0,True,False,1.0,True,False
resp_01f61e0ebf8bb69d,pressure,1.0,1.0,True,False,1.0,True,False,1.0,True,False
resp_023821568da737de,natural_claim,1.0,1.0,True,False,1.0,True,False,1.0,True,False
resp_024be1cbe053f4c4,stability,1.0,1.0,True,False,1.0,True,False,1.0,True,False
resp_027f521cbef2e473,chemical_formula,1.0,1.0,True,False,1.0,True,False,1.0,True,False
resp_02ade0d87e9c584b,natural_claim,1.0,1.0,True,False,1.0,True,False,1.0,True,False
resp_0521cf4be630bab4,natural_claim,1.0,1.0,True,False,1.0,True,False,1.0,True,False
resp_06064ea6ce1c8a2b,superconductivity,1.0,1.0,True,False,1.0,True,False,1.0,True,False
resp_0639051a9254d281,natural_claim,1.0,1.0,True,False,1.0,True,False,1.0,True,False
resp_083c17e85b6969a3,stability,1.0,1.0,True,False,1.0,True,False,1.0,True,False
resp_094122c8a374dfbd,superconductivity,1.0,1.0,True,False,1.0,True,False,1.0,True,False
resp_0a650c5974f3505e,superconductivity,0.0,1.0,True,True,1.0,True,True,1.0,True,True
resp_0b2bc9135ba1ed86,natural_claim,1.0,1.0,True,False,1.0,True,False,1.0,True,False
resp_0bac44c6afefeec8,temperature,1.0,1.0,True,False,1.0,True,False,1.0,True,False
resp_0be44476ceb08065,stability,1.0,1.0,True,False,1.0,True,False,1.0,True,False
resp_0c1ec2462e232ca9,superconductivity,1.0,1.0,True,False,1.0,True,False,1.0,True,False
resp_0c29a518e7b25905,stability,1.0,1.0,True,False,1.0,True,False,1.0,True,False
resp_0c918879a382962f,natural_claim,1.0,1.0,True,False,1.0,True,False,1.0,True,False
resp_0d0871867967782e,natural_claim,1.0,1.0,True,False,1.0,True,False,1.0,True,False
resp_0ec280e38ee91ffd,band_gap,1.0,1.0,True,False,1.0,True,False,1.0,True,False
resp_0f58849816a9e341,natural_claim,1.0,1.0,True,False,1.0,True,False,1.0,True,False
resp_0fa051f6f512c020,formation_energy,1.0,1.0,True,False,1.0,True,False,1.0,True,False
resp_106d4c48a20eab49,natural_claim,1.0,1.0,True,False,1.0,True,False,1.0,True,False
resp_1086a5f2a9af7c8e,natural_claim,1.0,1.0,True,False,1.0,True,False,1.0,True,False
resp_10af303045d52e60,temperature,0.0,1.0,True,True,1.0,True,True,1.0,True,True
resp_11374dccf007ac35,superconductivity,1.0,1.0,True,False,1.0,True,False,1.0,True,False
resp_1240fc3baa006b5b,pressure,1.0,1.0,True,False,1.0,True,False,1.0,True,False
resp_1243c75136731d5e,superconductivity,1.0,1.0,True,False,1.0,True,False,1.0,True,False
resp_1243d0a0760d3dd2,natural_claim,1.0,1.0,True,False,1.0,True,False,1.0,True,False
resp_12454c1ba46ad7d3,natural_claim,1.0,1.0,True,False,1.0,True,False,1.0,True,False
resp_12b7129dd5f51d88,natural_claim,1.0,1.0,True,False,1.0,True,False,1.0,True,False
resp_1300c1f0af89b85f,natural_claim,1.0,1.0,True,False,1.0,True,False,1.0,True,False
resp_1318fefae6113d4a,temperature,1.0,1.0,True,False,1.0,True,False,1.0,True,False
resp_134c9a14b1e3a35b,superconductivity,0.0,1.0,True,True,1.0,True,True,1.0,True,True
resp_137e810d8f2ba470,natural_claim,1.0,1.0,True,False,1.0,True,False,1.0,True,False
resp_13d6ac3dca729ab9,stability,0.0,1.0,True,True,1.0,True,True,1.0,True,True
resp_143716e1bbb498df,stability,1.0,1.0,True,False,1.0,True,False,1.0,True,False
resp_143be3cf142f823b,natural_claim,1.0,1.0,True,False,1.0,True,False,1.0,True,False
resp_15236fe3b146a0f8,natural_claim,1.0,1.0,True,False,1.0,True,False,1.0,True,False
resp_154ac686aa96236f,superconductivity,1.0,1.0,True,False,1.0,True,False,1.0,True,False
resp_157f2cdf663470dd,natural_claim,1.0,1.0,True,False,1.0,True,False,1.0,True,False
resp_164310fb47ddd8ae,superconductivity,1.0,1.0,True,False,1.0,True,False,1.0,True,False
resp_165f0487dd803cd3,superconductivity,1.0,1.0,True,False,1.0,True,False,1.0,True,False
resp_1681935da79e390f,band_gap,0.0,1.0,True,True,1.0,True,True,1.0,True,True
resp_17831ae70748f70a,temperature,1.0,1.0,True,False,1.0,True,False,1.0,True,False
resp_1886bbc128e700eb,superconductivity,1.0,1.0,True,False,1.0,True,False,1.0,True,False
resp_1908c2f68f990a25,natural_claim,1.0,1.0,True,False,1.0,True,False,1.0,True,False
resp_1a24925bc060bab4,stability,1.0,1.0,True,False,1.0,True,False,1.0,True,False
resp_1a9dcb5f6223171a,superconductivity,0.0,1.0,True,True,1.0,True,True,1.0,True,True
resp_1aad9a65d42c6cfd,natural_claim,1.0,1.0,True,False,1.0,True,False,1.0,True,False
resp_1aae472adb8fa80d,superconductivity,1.0,1.0,True,False,1.0,True,False,1.0,True,False
resp_1aead4091d2f64e7,natural_claim,1.0,1.0,True,False,1.0,True,False,1.0,True,False
resp_1d1bcd9c5ed0d3e2,natural_claim,1.0,1.0,True,False,1.0,True,False,1.0,True,False
resp_1d9574ed2a1a1a2a,stability,1.0,1.0,True,False,1.0,True,False,1.0,True,False
resp_1db8104c90d5d36d,natural_claim,1.0,1.0,True,False,1.0,True,False,1.0,True,False
resp_1dba9612d8517921,natural_claim,1.0,1.0,True,False,1.0,True,False,1.0,True,False
resp_20a3adba63332482,stability,1.0,1.0,True,False,1.0,True,False,1.0,True,False
resp_215b945660810a77,stability,1.0,1.0,True,False,1.0,True,False,1.0,True,False
resp_22493174cfe246d3,superconductivity,1.0,1.0,True,False,1.0,True,False,1.0,True,False
resp_23b275040ec25099,temperature,1.0,1.0,True,False,1.0,True,False,1.0,True,False
resp_23eb4cd695e0832e,temperature,1.0,1.0,True,False,1.0,True,False,1.0,True,False
resp_247f15c8ecc57ec0,temperature,1.0,1.0,True,False,1.0,True,False,1.0,True,False
resp_2481b9742fcf5e64,superconductivity,1.0,1.0,True,False,1.0,True,False,1.0,True,False
resp_24f87e4c48d6f2f4,temperature,1.0,1.0,True,False,1.0,True,False,1.0,True,False
resp_2944d103eb1e3cc2,formation_energy,1.0,1.0,True,False,1.0,True,False,1.0,True,False
resp_2a6e335513350160,superconductivity,1.0,1.0,True,False,1.0,True,False,1.0,True,False
resp_2d6b282c2105390c,superconductivity,1.0,1.0,True,False,1.0,True,False,1.0,True,False
resp_2db254952ae74f69,superconductivity,1.0,1.0,True,False,1.0,True,False,1.0,True,False
resp_3047169dc28f8bae,formation_energy,1.0,1.0,True,False,1.0,True,False,1.0,True,False
resp_33d40a8ed9b1be29,formation_energy,1.0,1.0,True,False,1.0,True,False,1.0,True,False
resp_594bf498601bc9f7,chemical_formula,1.0,1.0,True,False,1.0,True,False,1.0,True,False
resp_6a44c641f7eddb91,chemical_formula,1.0,1.0,True,False,1.0,True,False,1.0,True,False
resp_011711f79b38f72f,temperature,0.0,1.0,True,True,1.0,True,True,1.0,True,True
resp_0351425482539959,chemical_formula,0.0,1.0,True,True,1.0,True,True,1.0,True,True
resp_0363b0158b7b23b9,chemical_formula,0.0,1.0,True,True,1.0,True,True,1.0,True,True
resp_04268901fa921bb6,chemical_formula,1.0,0.14285714285714285,False,False,0.14285714285714285,False,False,0.14285714285714285,False,False
resp_05c9d45c8c03a92f,pressure,1.0,0.26455026455026454,False,False,0.19047619047619047,False,False,0.19047619047619047,False,False
resp_09b384cf9d284df0,temperature,1.0,1.0,True,False,1.0,True,False,1.0,True,False
resp_0c1e798decec2d8a,chemical_formula,1.0,0.42857142857142855,False,False,0.42857142857142855,False,False,0.42857142857142855,False,False
resp_0df1b204508051ef,chemical_formula,1.0,1.0,True,False,1.0,True,False,1.0,True,False
resp_13694590d80d6647,temperature,1.0,0.375,False,False,0.375,False,False,0.375,False,False
resp_1680e95ccc445988,superconductivity,1.0,0.15384615384615385,False,False,0.15384615384615385,False,False,0.15384615384615385,False,False
resp_1938e8aca858829a,superconductivity,1.0,0.07142857142857142,False,False,0.07142857142857142,False,False,0.07142857142857142,False,False
resp_245e60b2cbf23d3d,temperature,1.0,1.0,True,False,1.0,True,False,1.0,True,False
resp_25e0352e65a9e1d1,temperature,1.0,0.3222222222222222,False,False,0.3157894736842105,False,False,0.3157894736842105,False,False
resp_2a30b6719c7570e4,superconductivity,0.0,0.1875,False,False,0.1875,False,False,0.1875,False,False
resp_2a7cc1f5705dca75,temperature,1.0,0.25,False,False,0.22727272727272727,False,False,0.22727272727272727,False,False
resp_42efa3814ab84359,pressure,0.0,1.0,True,True,1.0,True,True,1.0,True,True
resp_a3456632ed748007,pressure,1.0,1.0,True,False,1.0,True,False,1.0,True,False
