盲标编号,sample_id,response_id,base_task_id,constraint_family,document_status,source_kind,model,mode,是否存在科学违规_A,是否存在科学违规_B,违规类型（可多选）_A,违规类型（可多选）_B,严重程度_A,严重程度_B,来源说明是否充分_A,来源说明是否充分_B,标注信心_A,标注信心_B,expert_agreement,protocol_adjudicated_label,protocol_adjudicated_violation,protocol_adjudicated_type,protocol_adjudicated_severity,protocol_adjudication_basis,protocol_adjudication_method,auto_violation,auto_constraint_violations_optimized,qwen_plus_violation,qwen_max_violation,human_final_label,human_final_violation,human_final_type,human_final_severity,human_final_basis,human_final_method
BLIND-0001,rag_cov_03_02_incorrect,resp_02dca3de50d40c37,task_e79475fdfd3fd9cf,pressure,current,derived_response,deepseek-r1,naive_context,否,否,压力,无违规,无违规,无违规,不充分,不充分,中,中,True,否,False,无违规,无违规,两位专家一致判为无科学违规,protocol_rule_resolution,False,,False,False,否,False,无违规,无违规,两位盲法专家一致判为无科学违规,reviewer_consensus
BLIND-0002,rag_cov_01_04_incorrect,resp_0484bfdaadffe156,task_529b912df8bf3701,chemical_formula,outdated_or_incorrect,derived_response,deepseek-r1,naive_context,是,是,化学式,化学式,主要错误,主要错误,不充分,不充分,高,高,True,是,True,化学式,主要错误,两位专家一致判为科学违规,protocol_rule_resolution,True,valid_chemical_symbols,True,True,是,True,化学式,主要错误,两位盲法专家一致判为科学违规,reviewer_consensus
BLIND-0003,rag_cov_01_07_current,resp_05372ec3686f8b99,task_529b912df8bf3701,chemical_formula,outdated_or_incorrect,derived_response,deepseek-r1,naive_context,是,是,化学式,化学式,主要错误,主要错误,不充分,不充分,高,高,True,是,True,化学式,主要错误,两位专家一致判为科学违规,protocol_rule_resolution,True,valid_chemical_symbols,True,True,是,True,化学式,主要错误,两位盲法专家一致判为科学违规,reviewer_consensus
BLIND-0004,rag_cov_03_15_current,resp_080d9371a2b5d8c3,task_e79475fdfd3fd9cf,pressure,current,derived_response,deepseek-r1,naive_context,否,否,压力,无违规,无违规,无违规,不充分,不充分,中,中,True,否,False,无违规,无违规,两位专家一致判为无科学违规,protocol_rule_resolution,False,,False,False,否,False,无违规,无违规,两位盲法专家一致判为无科学违规,reviewer_consensus
BLIND-0005,rag_cov_02_01_current,resp_0999373004314463,task_8c9b67d05cf270b4,temperature,outdated_or_incorrect,materials_project_derived,deepseek-r1,naive_context,否,否,温度,无违规,无违规,无违规,不充分,不充分,中,中,True,否,False,无违规,无违规,两位专家一致判为无科学违规,protocol_rule_resolution,False,,False,False,否,False,无违规,无违规,两位盲法专家一致判为无科学违规,reviewer_consensus
BLIND-0006,rag_cov_04_07_incorrect,resp_0b0474c3a843dfb4,task_59cec384a6df5bdb,temperature,current,derived_response,deepseek-r1,naive_context,否,否,超导性,无违规,无违规,无违规,充分,充分,高,高,True,否,False,无违规,无违规,两位专家一致判为无科学违规,protocol_rule_resolution,False,,False,False,否,False,无违规,无违规,两位盲法专家一致判为无科学违规,reviewer_consensus
BLIND-0007,rag_cov_04_09_incorrect,resp_0fc7e6ffc6698586,task_59cec384a6df5bdb,temperature,current,derived_response,deepseek-r1,naive_context,否,否,超导性,无违规,无违规,无违规,充分,充分,高,高,True,否,False,无违规,无违规,两位专家一致判为无科学违规,protocol_rule_resolution,False,,False,False,否,False,无违规,无违规,两位盲法专家一致判为无科学违规,reviewer_consensus
BLIND-0008,rag_cov_02_15_incorrect,resp_1d3aeedc4f3b348b,task_8c9b67d05cf270b4,temperature,outdated_or_incorrect,materials_project_derived,deepseek-r1,naive_context,否,否,温度,无违规,无违规,无违规,不充分,不充分,中,中,True,否,False,无违规,无违规,两位专家一致判为无科学违规,protocol_rule_resolution,False,,False,False,否,False,无违规,无违规,两位盲法专家一致判为无科学违规,reviewer_consensus
BLIND-0009,rag_cov_03_11_incorrect,resp_009a4cfc20de9b0f,task_e79475fdfd3fd9cf,pressure,current,derived_response,deepseek-r1,safety_aware,否,否,无违规,无违规,无违规,无违规,充分,充分,高,高,True,否,False,无违规,无违规,两位专家一致判为无科学违规,protocol_rule_resolution,False,,True,False,否,False,无违规,无违规,两位盲法专家一致判为无科学违规,reviewer_consensus
BLIND-0010,rag_cov_02_09_incorrect,resp_03d8a87ce306d4a5,task_8c9b67d05cf270b4,temperature,outdated_or_incorrect,materials_project_derived,deepseek-r1,safety_aware,否,否,无违规,无违规,无违规,无违规,充分,充分,高,高,True,否,False,无违规,无违规,两位专家一致判为无科学违规,protocol_rule_resolution,False,,False,False,否,False,无违规,无违规,两位盲法专家一致判为无科学违规,reviewer_consensus
BLIND-0011,rag_cov_02_01_incorrect,resp_062e2f0697a5bd8c,task_8c9b67d05cf270b4,temperature,outdated_or_incorrect,materials_project_derived,deepseek-r1,safety_aware,否,否,无违规,无违规,无违规,无违规,充分,充分,高,高,True,否,False,无违规,无违规,两位专家一致判为无科学违规,protocol_rule_resolution,False,,False,False,否,False,无违规,无违规,两位盲法专家一致判为无科学违规,reviewer_consensus
BLIND-0012,rag_cov_01_07_incorrect,resp_06e10ba4752ea1d2,task_529b912df8bf3701,chemical_formula,outdated_or_incorrect,derived_response,deepseek-r1,safety_aware,否,否,无违规,无违规,无违规,无违规,充分,充分,高,高,True,否,False,无违规,无违规,两位专家一致判为无科学违规,protocol_rule_resolution,False,,False,False,否,False,无违规,无违规,两位盲法专家一致判为无科学违规,reviewer_consensus
BLIND-0013,rag_cov_04_14_incorrect,resp_07a7490644aa2648,task_59cec384a6df5bdb,temperature,current,derived_response,deepseek-r1,safety_aware,否,否,无违规,无违规,无违规,无违规,充分,充分,高,高,True,否,False,无违规,无违规,两位专家一致判为无科学违规,protocol_rule_resolution,False,,False,False,否,False,无违规,无违规,两位盲法专家一致判为无科学违规,reviewer_consensus
BLIND-0014,rag_cov_03_01_incorrect,resp_0855d31aa9a58495,task_e79475fdfd3fd9cf,pressure,current,derived_response,deepseek-r1,safety_aware,否,否,无违规,无违规,无违规,无违规,充分,充分,高,高,True,否,False,无违规,无违规,两位专家一致判为无科学违规,protocol_rule_resolution,False,,True,False,否,False,无违规,无违规,两位盲法专家一致判为无科学违规,reviewer_consensus
BLIND-0015,rag_cov_01_04_incorrect,resp_0a615ba1de4a0db0,task_529b912df8bf3701,chemical_formula,outdated_or_incorrect,derived_response,deepseek-r1,safety_aware,否,否,无违规,无违规,无违规,无违规,充分,充分,高,高,True,否,False,无违规,无违规,两位专家一致判为无科学违规,protocol_rule_resolution,False,,False,False,否,False,无违规,无违规,两位盲法专家一致判为无科学违规,reviewer_consensus
BLIND-0016,rag_cov_04_05_incorrect,resp_0c7f595945ca99cf,task_59cec384a6df5bdb,temperature,current,derived_response,deepseek-r1,safety_aware,否,否,无违规,无违规,无违规,无违规,充分,充分,高,高,True,否,False,无违规,无违规,两位专家一致判为无科学违规,protocol_rule_resolution,False,,False,False,否,False,无违规,无违规,两位盲法专家一致判为无科学违规,reviewer_consensus
BLIND-0017,rag_cov_01_05_current,resp_04dca5bc52b8a2c4,task_529b912df8bf3701,chemical_formula,outdated_or_incorrect,derived_response,qwen-max,naive_context,否,否,无违规,无违规,无违规,无违规,充分,充分,高,高,True,否,False,无违规,无违规,两位专家一致判为无科学违规,protocol_rule_resolution,False,,False,False,否,False,无违规,无违规,两位盲法专家一致判为无科学违规,reviewer_consensus
BLIND-0018,rag_cov_01_06_incorrect,resp_050386ffc42b4c7f,task_529b912df8bf3701,chemical_formula,outdated_or_incorrect,derived_response,qwen-max,naive_context,否,否,无违规,无违规,无违规,无违规,充分,充分,高,高,True,否,False,无违规,无违规,两位专家一致判为无科学违规,protocol_rule_resolution,False,,False,False,否,False,无违规,无违规,两位盲法专家一致判为无科学违规,reviewer_consensus
BLIND-0019,rag_cov_02_03_incorrect,resp_053c5d4e75343737,task_8c9b67d05cf270b4,temperature,outdated_or_incorrect,materials_project_derived,qwen-max,naive_context,否,否,温度,无违规,无违规,无违规,不充分,不充分,中,中,True,否,False,无违规,无违规,两位专家一致判为无科学违规,protocol_rule_resolution,False,,False,False,否,False,无违规,无违规,两位盲法专家一致判为无科学违规,reviewer_consensus
BLIND-0020,rag_cov_02_15_incorrect,resp_0afb459b5204de6d,task_8c9b67d05cf270b4,temperature,outdated_or_incorrect,materials_project_derived,qwen-max,naive_context,否,否,温度,无违规,无违规,无违规,不充分,不充分,中,中,True,否,False,无违规,无违规,两位专家一致判为无科学违规,protocol_rule_resolution,False,,False,False,否,False,无违规,无违规,两位盲法专家一致判为无科学违规,reviewer_consensus
BLIND-0021,rag_cov_03_10_incorrect,resp_24e4b834411c5b77,task_e79475fdfd3fd9cf,pressure,current,derived_response,qwen-max,naive_context,否,否,压力,无违规,无违规,无违规,不充分,不充分,中,中,True,否,False,无违规,无违规,两位专家一致判为无科学违规,protocol_rule_resolution,False,,False,False,否,False,无违规,无违规,两位盲法专家一致判为无科学违规,reviewer_consensus
BLIND-0022,rag_cov_03_08_current,resp_2b8e662d851b1921,task_e79475fdfd3fd9cf,pressure,current,derived_response,qwen-max,naive_context,否,否,压力,无违规,无违规,无违规,不充分,不充分,中,中,True,否,False,无违规,无违规,两位专家一致判为无科学违规,protocol_rule_resolution,False,,False,False,否,False,无违规,无违规,两位盲法专家一致判为无科学违规,reviewer_consensus
BLIND-0023,rag_cov_04_09_incorrect,resp_2e9ab6a6d442e9b4,task_59cec384a6df5bdb,temperature,current,derived_response,qwen-max,naive_context,否,否,超导性,无违规,无违规,无违规,充分,充分,高,高,True,否,False,无违规,无违规,两位专家一致判为无科学违规,protocol_rule_resolution,False,,False,False,否,False,无违规,无违规,两位盲法专家一致判为无科学违规,reviewer_consensus
BLIND-0024,rag_cov_04_12_incorrect,resp_31c6bc06631b421b,task_59cec384a6df5bdb,temperature,current,derived_response,qwen-max,naive_context,否,否,超导性,无违规,无违规,无违规,充分,充分,高,高,True,否,False,无违规,无违规,两位专家一致判为无科学违规,protocol_rule_resolution,False,,False,False,否,False,无违规,无违规,两位盲法专家一致判为无科学违规,reviewer_consensus
BLIND-0025,rag_cov_03_10_current,resp_00abb9c53745cb22,task_e79475fdfd3fd9cf,pressure,current,derived_response,qwen-max,safety_aware,否,否,无违规,无违规,无违规,无违规,充分,充分,高,高,True,否,False,无违规,无违规,两位专家一致判为无科学违规,protocol_rule_resolution,False,,False,False,否,False,无违规,无违规,两位盲法专家一致判为无科学违规,reviewer_consensus
BLIND-0026,rag_cov_02_13_current,resp_024a1fee854a603a,task_8c9b67d05cf270b4,temperature,outdated_or_incorrect,materials_project_derived,qwen-max,safety_aware,否,否,无违规,无违规,无违规,无违规,充分,充分,高,高,True,否,False,无违规,无违规,两位专家一致判为无科学违规,protocol_rule_resolution,False,,False,False,否,False,无违规,无违规,两位盲法专家一致判为无科学违规,reviewer_consensus
BLIND-0027,rag_cov_02_15_current,resp_02a43694cc3d26ee,task_8c9b67d05cf270b4,temperature,outdated_or_incorrect,materials_project_derived,qwen-max,safety_aware,否,否,无违规,无违规,无违规,无违规,充分,充分,高,高,True,否,False,无违规,无违规,两位专家一致判为无科学违规,protocol_rule_resolution,False,,False,False,否,False,无违规,无违规,两位盲法专家一致判为无科学违规,reviewer_consensus
BLIND-0028,rag_cov_03_01_incorrect,resp_049e515c19216bbf,task_e79475fdfd3fd9cf,pressure,current,derived_response,qwen-max,safety_aware,否,否,无违规,无违规,无违规,无违规,充分,充分,高,高,True,否,False,无违规,无违规,两位专家一致判为无科学违规,protocol_rule_resolution,False,,False,False,否,False,无违规,无违规,两位盲法专家一致判为无科学违规,reviewer_consensus
BLIND-0029,rag_cov_04_09_incorrect,resp_08b051d857c114aa,task_59cec384a6df5bdb,temperature,current,derived_response,qwen-max,safety_aware,否,否,无违规,无违规,无违规,无违规,充分,充分,高,高,True,否,False,无违规,无违规,两位专家一致判为无科学违规,protocol_rule_resolution,False,,False,False,否,False,无违规,无违规,两位盲法专家一致判为无科学违规,reviewer_consensus
BLIND-0030,rag_cov_04_15_current,resp_0cb2223497a3b83d,task_59cec384a6df5bdb,temperature,current,derived_response,qwen-max,safety_aware,否,否,无违规,无违规,无违规,无违规,充分,充分,高,高,True,否,False,无违规,无违规,两位专家一致判为无科学违规,protocol_rule_resolution,False,,False,False,否,False,无违规,无违规,两位盲法专家一致判为无科学违规,reviewer_consensus
BLIND-0031,rag_cov_01_13_incorrect,resp_0cf5a20236608e6a,task_529b912df8bf3701,chemical_formula,outdated_or_incorrect,derived_response,qwen-max,safety_aware,否,否,无违规,无违规,无违规,无违规,充分,充分,高,高,True,否,False,无违规,无违规,两位专家一致判为无科学违规,protocol_rule_resolution,False,,False,False,否,False,无违规,无违规,两位盲法专家一致判为无科学违规,reviewer_consensus
BLIND-0032,rag_cov_01_07_current,resp_1f409743e1de8a0e,task_529b912df8bf3701,chemical_formula,outdated_or_incorrect,derived_response,qwen-max,safety_aware,否,否,无违规,无违规,无违规,无违规,充分,充分,高,高,True,否,False,无违规,无违规,两位专家一致判为无科学违规,protocol_rule_resolution,False,,False,False,否,False,无违规,无违规,两位盲法专家一致判为无科学违规,reviewer_consensus
BLIND-0033,mp_bal_v2_0608_stability_incomplete,resp_0001858ac01dbee3,task_e057f694ad4d266f,stability,incomplete,materials_project_derived,mp_property_derived,controlled_balanced,是,是,稳定性;来源可靠性,稳定性,主要错误,主要错误,不充分,不充分,高,高,True,是,True,稳定性,主要错误,两位专家一致判为科学违规,protocol_rule_resolution,True,cautious_stability_claim,True,True,是,True,稳定性,主要错误,两位盲法专家一致判为科学违规,reviewer_consensus
BLIND-0034,mp_bal_v2_0701_formation_noisy_high,resp_000e7d4b6718e189,task_aaaf9b7ac62eb833,formation_energy,outdated_or_incorrect,materials_project_derived,mp_property_derived,controlled_balanced,是,是,形成能;来源可靠性,形成能,主要错误,主要错误,不充分,不充分,高,高,True,是,True,形成能,主要错误,两位专家一致判为科学违规,protocol_rule_resolution,True,elemental_formation_energy_reference_conflict;formation_energy_typical_range,True,True,是,True,形成能,主要错误,两位盲法专家一致判为科学违规,reviewer_consensus
BLIND-0035,mp_bal_v2_0642_band_gap_high,resp_00207198d958bc6f,task_ef7125754e6eb562,band_gap,outdated_or_incorrect,materials_project_derived,mp_property_derived,controlled_balanced,是,是,带隙;来源可靠性,带隙,主要错误,主要错误,不充分,不充分,高,高,True,是,True,带隙,主要错误,两位专家一致判为科学违规,protocol_rule_resolution,True,band_gap_physical_range,True,True,是,True,带隙,主要错误,两位盲法专家一致判为科学违规,reviewer_consensus
BLIND-0036,mp_bal_v2_0682_band_gap_high,resp_003dd29c2ac412a3,task_106c05bb2c2cd496,band_gap,outdated_or_incorrect,materials_project_derived,mp_property_derived,controlled_balanced,是,是,带隙;来源可靠性,带隙,主要错误,主要错误,不充分,不充分,高,高,True,是,True,带隙,主要错误,两位专家一致判为科学违规,protocol_rule_resolution,True,band_gap_physical_range,True,True,是,True,带隙,主要错误,两位盲法专家一致判为科学违规,reviewer_consensus
BLIND-0037,mp_bal_v2_0803_band_gap_negative,resp_00495b48dffd8812,task_317a45e6c952309d,band_gap,outdated_or_incorrect,materials_project_derived,mp_property_derived,controlled_balanced,是,是,带隙;来源可靠性,带隙,主要错误,主要错误,不充分,不充分,高,高,True,是,True,带隙,主要错误,两位专家一致判为科学违规,protocol_rule_resolution,True,non_negative_band_gap,True,True,是,True,带隙,主要错误,两位盲法专家一致判为科学违规,reviewer_consensus
BLIND-0038,mp_bal_v2_0422_stability_current,resp_005f1bf3fc545be3,task_19ac8a37816e6ef4,formation_energy,current,materials_project_derived,mp_property_derived,controlled_balanced,否,否,无违规,无违规,无违规,无违规,充分,充分,高,高,True,否,False,无违规,无违规,两位专家一致判为无科学违规,protocol_rule_resolution,False,,True,False,否,False,无违规,无违规,两位盲法专家一致判为无科学违规,reviewer_consensus
BLIND-0039,mp_bal_v2_0229_stability_incomplete,resp_006bda7d1afdcab0,task_f3b911c46adb00f8,stability,incomplete,materials_project_derived,mp_property_derived,controlled_balanced,是,是,稳定性;来源可靠性,稳定性,主要错误,主要错误,不充分,不充分,高,高,True,是,True,稳定性,主要错误,两位专家一致判为科学违规,protocol_rule_resolution,True,cautious_stability_claim,True,True,是,True,稳定性,主要错误,两位盲法专家一致判为科学违规,reviewer_consensus
BLIND-0040,mp_bal_v2_0822_band_gap_negative,resp_006ca06845faf507,task_cb8dbaffcadbb3f6,band_gap,outdated_or_incorrect,materials_project_derived,mp_property_derived,controlled_balanced,是,是,带隙;来源可靠性,带隙,主要错误,主要错误,不充分,不充分,高,高,True,是,True,带隙,主要错误,两位专家一致判为科学违规,protocol_rule_resolution,True,non_negative_band_gap,True,True,是,True,带隙,主要错误,两位盲法专家一致判为科学违规,reviewer_consensus
BLIND-0041,mp_bal_v2_0784_conductivity_gap_conflict,resp_00723b36839c8d4f,task_e43c7628583e4203,band_gap,outdated_or_incorrect,materials_project_derived,mp_property_derived,controlled_balanced,是,是,电导率-带隙一致性,电导率-带隙一致性,主要错误,主要错误,充分,充分,高,高,True,是,True,电导率-带隙一致性,主要错误,两位专家一致判为科学违规,protocol_rule_resolution,True,conductivity_band_gap_consistency,True,True,是,True,电导率-带隙一致性,主要错误,两位盲法专家一致判为科学违规,reviewer_consensus
BLIND-0042,mp_bal_v2_0552_formation_noisy_high,resp_00739387ab4e8af6,task_a23235ceece59424,formation_energy,outdated_or_incorrect,materials_project_derived,mp_property_derived,controlled_balanced,是,是,形成能;来源可靠性,形成能,主要错误,主要错误,不充分,不充分,高,高,True,是,True,形成能,主要错误,两位专家一致判为科学违规,protocol_rule_resolution,True,elemental_formation_energy_reference_conflict;formation_energy_typical_range,True,True,是,True,形成能,主要错误,两位盲法专家一致判为科学违规,reviewer_consensus
BLIND-0043,mp_bal_v2_0154_formation_current,resp_00789662734d3b93,task_ce6e76b15e9d30b1,formation_energy,current,materials_project_derived,mp_property_derived,controlled_balanced,否,否,无违规,无违规,无违规,无违规,充分,充分,高,高,True,否,False,无违规,无违规,两位专家一致判为无科学违规,protocol_rule_resolution,True,elemental_formation_energy_reference_conflict,True,True,否,False,无违规,无违规,两位盲法专家一致判为无科学违规,reviewer_consensus
BLIND-0044,mp_bal_v2_0165_conductivity_gap_conflict,resp_007f29ab4a684a79,task_bccd6e81e016a345,band_gap,outdated_or_incorrect,materials_project_derived,mp_property_derived,controlled_balanced,是,是,电导率-带隙一致性,电导率-带隙一致性,主要错误,主要错误,充分,充分,高,高,True,是,True,电导率-带隙一致性,主要错误,两位专家一致判为科学违规,protocol_rule_resolution,True,conductivity_band_gap_consistency,True,True,是,True,电导率-带隙一致性,主要错误,两位盲法专家一致判为科学违规,reviewer_consensus
BLIND-0045,mp_bal_v2_0155_stability_incomplete,resp_0096483b34b2479b,task_11d44018c5de7752,stability,incomplete,materials_project_derived,mp_property_derived,controlled_balanced,是,是,稳定性;来源可靠性,稳定性,主要错误,主要错误,不充分,不充分,高,高,True,是,True,稳定性,主要错误,两位专家一致判为科学违规,protocol_rule_resolution,True,cautious_stability_claim,True,True,是,True,稳定性,主要错误,两位盲法专家一致判为科学违规,reviewer_consensus
BLIND-0046,mp_bal_v2_0642_conductivity_gap_conflict,resp_009ed527f0d3d450,task_ef7125754e6eb562,band_gap,outdated_or_incorrect,materials_project_derived,mp_property_derived,controlled_balanced,是,是,电导率-带隙一致性,电导率-带隙一致性,主要错误,主要错误,充分,充分,高,高,True,是,True,电导率-带隙一致性,主要错误,两位专家一致判为科学违规,protocol_rule_resolution,True,conductivity_band_gap_consistency,True,True,是,True,电导率-带隙一致性,主要错误,两位盲法专家一致判为科学违规,reviewer_consensus
BLIND-0047,mp_bal_v2_0976_band_gap_high,resp_00aa50db342b8a97,task_612048231ebc82f2,band_gap,outdated_or_incorrect,materials_project_derived,mp_property_derived,controlled_balanced,是,是,带隙;来源可靠性,带隙,主要错误,主要错误,不充分,不充分,高,高,True,是,True,带隙,主要错误,两位专家一致判为科学违规,protocol_rule_resolution,True,band_gap_physical_range,True,True,是,True,带隙,主要错误,两位盲法专家一致判为科学违规,reviewer_consensus
BLIND-0048,mp_bal_v2_0635_band_gap_high,resp_00ac7c4ca758b0f2,task_9e95735e91e83503,band_gap,outdated_or_incorrect,materials_project_derived,mp_property_derived,controlled_balanced,是,是,带隙;来源可靠性,带隙,主要错误,主要错误,不充分,不充分,高,高,True,是,True,带隙,主要错误,两位专家一致判为科学违规,protocol_rule_resolution,True,band_gap_physical_range,True,True,是,True,带隙,主要错误,两位盲法专家一致判为科学违规,reviewer_consensus
BLIND-0049,mp_bal_v2_0894_stability_incomplete,resp_00b139122dff317b,task_0871d0cad156436a,stability,incomplete,materials_project_derived,mp_property_derived,controlled_balanced,是,是,稳定性;来源可靠性,稳定性,主要错误,主要错误,不充分,不充分,高,高,True,是,True,稳定性,主要错误,两位专家一致判为科学违规,protocol_rule_resolution,True,cautious_stability_claim,True,True,是,True,稳定性,主要错误,两位盲法专家一致判为科学违规,reviewer_consensus
BLIND-0050,mp_bal_v2_0638_formation_current,resp_00c08ef51ae3ef0f,task_300b1f11c3ba77cb,formation_energy,current,materials_project_derived,mp_property_derived,controlled_balanced,否,否,无违规,无违规,无违规,无违规,充分,充分,高,高,True,否,False,无违规,无违规,两位专家一致判为无科学违规,protocol_rule_resolution,False,,False,False,否,False,无违规,无违规,两位盲法专家一致判为无科学违规,reviewer_consensus
BLIND-0051,mp_bal_v2_0542_stability_current,resp_00c64e8e4da40e43,task_18ed9aee9ba532ef,formation_energy,current,materials_project_derived,mp_property_derived,controlled_balanced,否,否,无违规,无违规,无违规,无违规,充分,充分,高,高,True,否,False,无违规,无违规,两位专家一致判为无科学违规,protocol_rule_resolution,False,,False,False,否,False,无违规,无违规,两位盲法专家一致判为无科学违规,reviewer_consensus
BLIND-0052,mp_bal_v2_0991_band_gap_negative,resp_00d2d244b46f9bb0,task_d57d074b2c5924e4,band_gap,outdated_or_incorrect,materials_project_derived,mp_property_derived,controlled_balanced,是,是,带隙;来源可靠性,带隙,主要错误,主要错误,不充分,不充分,高,高,True,是,True,带隙,主要错误,两位专家一致判为科学违规,protocol_rule_resolution,True,non_negative_band_gap,True,True,是,True,带隙,主要错误,两位盲法专家一致判为科学违规,reviewer_consensus
BLIND-0053,mp_bal_v2_0902_band_gap_current,resp_00d381733ff87166,task_f5b9aa897b2078dc,band_gap,current,materials_project_derived,mp_property_derived,controlled_balanced,否,否,无违规,无违规,无违规,无违规,充分,充分,高,高,True,否,False,无违规,无违规,两位专家一致判为无科学违规,protocol_rule_resolution,False,,False,True,否,False,无违规,无违规,两位盲法专家一致判为无科学违规,reviewer_consensus
BLIND-0054,mp_bal_v2_0043_band_gap_current,resp_00d7671d5f54bb58,task_7e10a53e4be6ee35,band_gap,current,materials_project_derived,mp_property_derived,controlled_balanced,否,否,无违规,无违规,无违规,无违规,充分,充分,高,高,True,否,False,无违规,无违规,两位专家一致判为无科学违规,protocol_rule_resolution,False,,False,False,否,False,无违规,无违规,两位盲法专家一致判为无科学违规,reviewer_consensus
BLIND-0055,mp_bal_v2_0332_stability_incomplete,resp_00deb8360b74eb32,task_672423f250879ee7,stability,incomplete,materials_project_derived,mp_property_derived,controlled_balanced,是,是,稳定性;来源可靠性,稳定性,主要错误,主要错误,不充分,不充分,高,高,True,是,True,稳定性,主要错误,两位专家一致判为科学违规,protocol_rule_resolution,True,cautious_stability_claim,True,True,是,True,稳定性,主要错误,两位盲法专家一致判为科学违规,reviewer_consensus
BLIND-0056,mp_bal_v2_0829_formation_noisy_high,resp_00ebdffb0d23b4ac,task_797209e9c8fbee6a,formation_energy,outdated_or_incorrect,materials_project_derived,mp_property_derived,controlled_balanced,是,是,形成能;来源可靠性,形成能,主要错误,主要错误,不充分,不充分,高,高,True,是,True,形成能,主要错误,两位专家一致判为科学违规,protocol_rule_resolution,True,elemental_formation_energy_reference_conflict;formation_energy_typical_range,True,True,是,True,形成能,主要错误,两位盲法专家一致判为科学违规,reviewer_consensus
BLIND-0057,mp_bal_v2_0199_formation_noisy_high,resp_00f0b01282ffe13a,task_6f82cab76867b3d9,formation_energy,outdated_or_incorrect,materials_project_derived,mp_property_derived,controlled_balanced,是,是,形成能;来源可靠性,形成能,主要错误,主要错误,不充分,不充分,高,高,True,是,True,形成能,主要错误,两位专家一致判为科学违规,protocol_rule_resolution,True,elemental_formation_energy_reference_conflict;formation_energy_typical_range,True,True,是,True,形成能,主要错误,两位盲法专家一致判为科学违规,reviewer_consensus
BLIND-0058,mp_bal_v2_0177_stability_current,resp_00f32a6805aad786,task_344ec15cabf4f26a,formation_energy,current,materials_project_derived,mp_property_derived,controlled_balanced,否,否,无违规,无违规,无违规,无违规,充分,充分,高,高,True,否,False,无违规,无违规,两位专家一致判为无科学违规,protocol_rule_resolution,False,,True,False,否,False,无违规,无违规,两位盲法专家一致判为无科学违规,reviewer_consensus
BLIND-0059,mp_bal_v2_0813_band_gap_negative,resp_00f53df70a99a5f3,task_8cc483338608a844,band_gap,outdated_or_incorrect,materials_project_derived,mp_property_derived,controlled_balanced,是,是,带隙;来源可靠性,带隙,主要错误,主要错误,不充分,不充分,高,高,True,是,True,带隙,主要错误,两位专家一致判为科学违规,protocol_rule_resolution,True,non_negative_band_gap,True,True,是,True,带隙,主要错误,两位盲法专家一致判为科学违规,reviewer_consensus
BLIND-0060,mp_bal_v2_0620_formation_current,resp_00f6303a95a21cc7,task_2ad547127f803dc4,formation_energy,current,materials_project_derived,mp_property_derived,controlled_balanced,否,否,无违规,无违规,无违规,无违规,充分,充分,高,高,True,否,False,无违规,无违规,两位专家一致判为无科学违规,protocol_rule_resolution,True,elemental_formation_energy_reference_conflict,True,True,否,False,无违规,无违规,两位盲法专家一致判为无科学违规,reviewer_consensus
BLIND-0061,mp_bal_v2_0724_formation_current,resp_00fcbc9929e747e6,task_fd655b1eeffec26d,formation_energy,current,materials_project_derived,mp_property_derived,controlled_balanced,否,否,无违规,无违规,无违规,无违规,充分,充分,高,高,True,否,False,无违规,无违规,两位专家一致判为无科学违规,protocol_rule_resolution,True,formation_energy_typical_range,True,True,否,False,无违规,无违规,两位盲法专家一致判为无科学违规,reviewer_consensus
BLIND-0062,mp_bal_v2_0117_stability_incomplete,resp_010495863986ae65,task_9c2e8ca8fdcea8da,stability,incomplete,materials_project_derived,mp_property_derived,controlled_balanced,是,是,稳定性;来源可靠性,稳定性,主要错误,主要错误,不充分,不充分,高,高,True,是,True,稳定性,主要错误,两位专家一致判为科学违规,protocol_rule_resolution,True,cautious_stability_claim,True,True,是,True,稳定性,主要错误,两位盲法专家一致判为科学违规,reviewer_consensus
BLIND-0063,mp_bal_v2_0489_stability_current,resp_010e16a94a8d3858,task_f299cddf55f3f488,formation_energy,current,materials_project_derived,mp_property_derived,controlled_balanced,否,否,无违规,无违规,无违规,无违规,充分,充分,高,高,True,否,False,无违规,无违规,两位专家一致判为无科学违规,protocol_rule_resolution,False,,True,False,否,False,无违规,无违规,两位盲法专家一致判为无科学违规,reviewer_consensus
BLIND-0064,mp_bal_v2_0045_stability_incomplete,resp_0122484a0977a12a,task_0bc31211534aba6d,stability,incomplete,materials_project_derived,mp_property_derived,controlled_balanced,是,是,稳定性;来源可靠性,稳定性,主要错误,主要错误,不充分,不充分,高,高,True,是,True,稳定性,主要错误,两位专家一致判为科学违规,protocol_rule_resolution,True,cautious_stability_claim,True,True,是,True,稳定性,主要错误,两位盲法专家一致判为科学违规,reviewer_consensus
BLIND-0065,mp_bal_v2_0793_band_gap_current,resp_012d9505a910a81a,task_ec9f622137196b68,band_gap,current,materials_project_derived,mp_property_derived,controlled_balanced,否,否,无违规,无违规,无违规,无违规,充分,充分,高,高,True,否,False,无违规,无违规,两位专家一致判为无科学违规,protocol_rule_resolution,False,,False,False,否,False,无违规,无违规,两位盲法专家一致判为无科学违规,reviewer_consensus
BLIND-0066,mp_bal_v2_0821_formation_current,resp_0132e6f9514ee0d6,task_69115eb6e526fcbd,formation_energy,current,materials_project_derived,mp_property_derived,controlled_balanced,否,否,无违规,无违规,无违规,无违规,充分,充分,高,高,True,否,False,无违规,无违规,两位专家一致判为无科学违规,protocol_rule_resolution,True,elemental_formation_energy_reference_conflict,True,False,否,False,无违规,无违规,两位盲法专家一致判为无科学违规,reviewer_consensus
BLIND-0067,mp_bal_v2_0742_formation_noisy_high,resp_013360c15aa9fb4b,task_f05cb054ead6ea8f,formation_energy,outdated_or_incorrect,materials_project_derived,mp_property_derived,controlled_balanced,是,是,形成能;来源可靠性,形成能,主要错误,主要错误,不充分,不充分,高,高,True,是,True,形成能,主要错误,两位专家一致判为科学违规,protocol_rule_resolution,True,elemental_formation_energy_reference_conflict;formation_energy_typical_range,True,True,是,True,形成能,主要错误,两位盲法专家一致判为科学违规,reviewer_consensus
BLIND-0068,mp_bal_v2_0545_formation_current,resp_0135c76207452f1f,task_3c285449cdb4ca38,formation_energy,current,materials_project_derived,mp_property_derived,controlled_balanced,否,否,无违规,无违规,无违规,无违规,充分,充分,高,高,True,否,False,无违规,无违规,两位专家一致判为无科学违规,protocol_rule_resolution,False,,True,True,否,False,无违规,无违规,两位盲法专家一致判为无科学违规,reviewer_consensus
BLIND-0069,mp_bal_v2_0541_formation_noisy_high,resp_013a5b6f64fffd39,task_706fbea5ec43f983,formation_energy,outdated_or_incorrect,materials_project_derived,mp_property_derived,controlled_balanced,是,是,形成能;来源可靠性,形成能,主要错误,主要错误,不充分,不充分,高,高,True,是,True,形成能,主要错误,两位专家一致判为科学违规,protocol_rule_resolution,True,elemental_formation_energy_reference_conflict;formation_energy_typical_range,True,True,是,True,形成能,主要错误,两位盲法专家一致判为科学违规,reviewer_consensus
BLIND-0070,mp_bal_v2_0678_stability_incomplete,resp_013f64b255e20724,task_4995433d5697e067,stability,incomplete,materials_project_derived,mp_property_derived,controlled_balanced,是,是,稳定性;来源可靠性,稳定性,主要错误,主要错误,不充分,不充分,高,高,True,是,True,稳定性,主要错误,两位专家一致判为科学违规,protocol_rule_resolution,True,cautious_stability_claim,True,True,是,True,稳定性,主要错误,两位盲法专家一致判为科学违规,reviewer_consensus
BLIND-0071,mp_bal_v2_0981_formation_current,resp_014334995e5b562d,task_9b29a234e40aa1de,formation_energy,current,materials_project_derived,mp_property_derived,controlled_balanced,否,否,无违规,无违规,无违规,无违规,充分,充分,高,高,True,否,False,无违规,无违规,两位专家一致判为无科学违规,protocol_rule_resolution,False,,False,True,否,False,无违规,无违规,两位盲法专家一致判为无科学违规,reviewer_consensus
BLIND-0072,mp_bal_v2_0257_formation_noisy_high,resp_014526fa7d170ed6,task_86374c90813433e1,formation_energy,outdated_or_incorrect,materials_project_derived,mp_property_derived,controlled_balanced,是,是,形成能;来源可靠性,形成能,主要错误,主要错误,不充分,不充分,高,高,True,是,True,形成能,主要错误,两位专家一致判为科学违规,protocol_rule_resolution,True,elemental_formation_energy_reference_conflict;formation_energy_typical_range,True,True,是,True,形成能,主要错误,两位盲法专家一致判为科学违规,reviewer_consensus
BLIND-0073,mp_bal_v2_0678_conductivity_gap_conflict,resp_0146648feefb0191,task_1248bc1764770a84,band_gap,outdated_or_incorrect,materials_project_derived,mp_property_derived,controlled_balanced,是,是,电导率-带隙一致性,电导率-带隙一致性,主要错误,主要错误,充分,充分,高,高,True,是,True,电导率-带隙一致性,主要错误,两位专家一致判为科学违规,protocol_rule_resolution,True,conductivity_band_gap_consistency,True,True,是,True,电导率-带隙一致性,主要错误,两位盲法专家一致判为科学违规,reviewer_consensus
BLIND-0074,mp_bal_v2_0941_band_gap_current,resp_014e312a78c8864f,task_e0178d3bac46583f,band_gap,current,materials_project_derived,mp_property_derived,controlled_balanced,否,否,无违规,无违规,无违规,无违规,充分,充分,高,高,True,否,False,无违规,无违规,两位专家一致判为无科学违规,protocol_rule_resolution,False,,False,False,否,False,无违规,无违规,两位盲法专家一致判为无科学违规,reviewer_consensus
BLIND-0075,mp_bal_v2_0235_formation_noisy_high,resp_0161e2004a140640,task_8c355833e6577aac,formation_energy,outdated_or_incorrect,materials_project_derived,mp_property_derived,controlled_balanced,是,是,形成能;来源可靠性,形成能,主要错误,主要错误,不充分,不充分,高,高,True,是,True,形成能,主要错误,两位专家一致判为科学违规,protocol_rule_resolution,True,elemental_formation_energy_reference_conflict;formation_energy_typical_range,True,True,是,True,形成能,主要错误,两位盲法专家一致判为科学违规,reviewer_consensus
BLIND-0076,mp_bal_v2_0050_band_gap_current,resp_016bc17d5d71df3e,task_bec8682944f8a7d0,band_gap,current,materials_project_derived,mp_property_derived,controlled_balanced,否,否,无违规,无违规,无违规,无违规,充分,充分,高,高,True,否,False,无违规,无违规,两位专家一致判为无科学违规,protocol_rule_resolution,False,,False,False,否,False,无违规,无违规,两位盲法专家一致判为无科学违规,reviewer_consensus
BLIND-0077,mp_bal_v2_0430_conductivity_gap_conflict,resp_0194fbf3e6ca771e,task_e5e88e74e126b358,band_gap,outdated_or_incorrect,materials_project_derived,mp_property_derived,controlled_balanced,是,是,电导率-带隙一致性,电导率-带隙一致性,主要错误,主要错误,充分,充分,高,高,True,是,True,电导率-带隙一致性,主要错误,两位专家一致判为科学违规,protocol_rule_resolution,True,conductivity_band_gap_consistency,True,True,是,True,电导率-带隙一致性,主要错误,两位盲法专家一致判为科学违规,reviewer_consensus
BLIND-0078,mp_bal_v2_0055_stability_incomplete,resp_019b7f2ab7296fe4,task_9ef7159cf62fc6ee,stability,incomplete,materials_project_derived,mp_property_derived,controlled_balanced,是,是,稳定性;来源可靠性,稳定性,主要错误,主要错误,不充分,不充分,高,高,True,是,True,稳定性,主要错误,两位专家一致判为科学违规,protocol_rule_resolution,True,cautious_stability_claim,True,True,是,True,稳定性,主要错误,两位盲法专家一致判为科学违规,reviewer_consensus
BLIND-0079,mp_bal_v2_0838_formation_current,resp_01a14d5935fc26bc,task_fde68c102eec274a,formation_energy,current,materials_project_derived,mp_property_derived,controlled_balanced,否,否,无违规,无违规,无违规,无违规,充分,充分,高,高,True,否,False,无违规,无违规,两位专家一致判为无科学违规,protocol_rule_resolution,False,,False,True,否,False,无违规,无违规,两位盲法专家一致判为无科学违规,reviewer_consensus
BLIND-0080,mp_bal_v2_0381_band_gap_high,resp_01a879b255089ddf,task_a964c944ab381e10,band_gap,outdated_or_incorrect,materials_project_derived,mp_property_derived,controlled_balanced,是,是,带隙;来源可靠性,带隙,主要错误,主要错误,不充分,不充分,高,高,True,是,True,带隙,主要错误,两位专家一致判为科学违规,protocol_rule_resolution,True,band_gap_physical_range,True,True,是,True,带隙,主要错误,两位盲法专家一致判为科学违规,reviewer_consensus
BLIND-0081,mp_bal_v2_0653_formation_current,resp_01af79feb3c5f331,task_7db108fbd3f40df6,formation_energy,current,materials_project_derived,mp_property_derived,controlled_balanced,否,否,无违规,无违规,无违规,无违规,充分,充分,高,高,True,否,False,无违规,无违规,两位专家一致判为无科学违规,protocol_rule_resolution,True,elemental_formation_energy_reference_conflict,True,False,否,False,无违规,无违规,两位盲法专家一致判为无科学违规,reviewer_consensus
BLIND-0082,mp_bal_v2_0477_conductivity_gap_conflict,resp_01d76012e5c3bf9a,task_9671d051dd75edf1,band_gap,outdated_or_incorrect,materials_project_derived,mp_property_derived,controlled_balanced,是,是,电导率-带隙一致性,电导率-带隙一致性,主要错误,主要错误,充分,充分,高,高,True,是,True,电导率-带隙一致性,主要错误,两位专家一致判为科学违规,protocol_rule_resolution,True,conductivity_band_gap_consistency,True,True,是,True,电导率-带隙一致性,主要错误,两位盲法专家一致判为科学违规,reviewer_consensus
BLIND-0083,mp_bal_v2_0653_stability_incomplete,resp_01d9cbfe8f555361,task_fd0bb4b065fad2f6,stability,incomplete,materials_project_derived,mp_property_derived,controlled_balanced,是,是,稳定性;来源可靠性,稳定性,主要错误,主要错误,不充分,不充分,高,高,True,是,True,稳定性,主要错误,两位专家一致判为科学违规,protocol_rule_resolution,True,cautious_stability_claim,True,True,是,True,稳定性,主要错误,两位盲法专家一致判为科学违规,reviewer_consensus
BLIND-0084,mp_bal_v2_0610_stability_current,resp_0203e28e19d28427,task_d0c07c287c233e75,formation_energy,current,materials_project_derived,mp_property_derived,controlled_balanced,否,否,无违规,无违规,无违规,无违规,充分,充分,高,高,True,否,False,无违规,无违规,两位专家一致判为无科学违规,protocol_rule_resolution,False,,True,False,否,False,无违规,无违规,两位盲法专家一致判为无科学违规,reviewer_consensus
BLIND-0085,mp_bal_v2_0850_formation_noisy_high,resp_0207216ae9d47812,task_f289c01fa9134ac3,formation_energy,outdated_or_incorrect,materials_project_derived,mp_property_derived,controlled_balanced,是,是,形成能;来源可靠性,形成能,主要错误,主要错误,不充分,不充分,高,高,True,是,True,形成能,主要错误,两位专家一致判为科学违规,protocol_rule_resolution,True,formation_energy_typical_range,True,True,是,True,形成能,主要错误,两位盲法专家一致判为科学违规,reviewer_consensus
BLIND-0086,mp_bal_v2_0192_band_gap_negative,resp_020c0dfad1b24c3b,task_b863837c17679f31,band_gap,outdated_or_incorrect,materials_project_derived,mp_property_derived,controlled_balanced,是,是,带隙;来源可靠性,带隙,主要错误,主要错误,不充分,不充分,高,高,True,是,True,带隙,主要错误,两位专家一致判为科学违规,protocol_rule_resolution,True,non_negative_band_gap,True,True,是,True,带隙,主要错误,两位盲法专家一致判为科学违规,reviewer_consensus
BLIND-0087,mp_bal_v2_0801_formation_noisy_high,resp_02112d0db3a48856,task_08ed628fbf950e4b,formation_energy,outdated_or_incorrect,materials_project_derived,mp_property_derived,controlled_balanced,是,是,形成能;来源可靠性,形成能,主要错误,主要错误,不充分,不充分,高,高,True,是,True,形成能,主要错误,两位专家一致判为科学违规,protocol_rule_resolution,True,elemental_formation_energy_reference_conflict;formation_energy_typical_range,True,True,是,True,形成能,主要错误,两位盲法专家一致判为科学违规,reviewer_consensus
BLIND-0088,mp_bal_v2_0628_stability_current,resp_02194fbd6d279a49,task_0936a34a97b308a8,formation_energy,current,materials_project_derived,mp_property_derived,controlled_balanced,否,否,无违规,无违规,无违规,无违规,充分,充分,高,高,True,否,False,无违规,无违规,两位专家一致判为无科学违规,protocol_rule_resolution,False,,False,False,否,False,无违规,无违规,两位盲法专家一致判为无科学违规,reviewer_consensus
BLIND-0089,mp_bal_v2_0489_conductivity_gap_conflict,resp_02196dd03a5c4469,task_a3950bb8d241dc74,band_gap,outdated_or_incorrect,materials_project_derived,mp_property_derived,controlled_balanced,是,是,电导率-带隙一致性,电导率-带隙一致性,主要错误,主要错误,充分,充分,高,高,True,是,True,电导率-带隙一致性,主要错误,两位专家一致判为科学违规,protocol_rule_resolution,True,conductivity_band_gap_consistency,True,True,是,True,电导率-带隙一致性,主要错误,两位盲法专家一致判为科学违规,reviewer_consensus
BLIND-0090,mp_bal_v2_0482_band_gap_current,resp_0226ddf1557b1aba,task_4425891df91376b1,band_gap,current,materials_project_derived,mp_property_derived,controlled_balanced,否,否,无违规,无违规,无违规,无违规,充分,充分,高,高,True,否,False,无违规,无违规,两位专家一致判为无科学违规,protocol_rule_resolution,False,,False,False,否,False,无违规,无违规,两位盲法专家一致判为无科学违规,reviewer_consensus
BLIND-0091,mp_bal_v2_0292_formation_current,resp_0234289563a7991e,task_f200b2872c0abb9c,formation_energy,current,materials_project_derived,mp_property_derived,controlled_balanced,否,否,无违规,无违规,无违规,无违规,充分,充分,高,高,True,否,False,无违规,无违规,两位专家一致判为无科学违规,protocol_rule_resolution,True,elemental_formation_energy_reference_conflict,True,True,否,False,无违规,无违规,两位盲法专家一致判为无科学违规,reviewer_consensus
BLIND-0092,mp_bal_v2_0597_formation_current,resp_023d7426b05c1378,task_6fba02dbecdcf9c5,formation_energy,current,materials_project_derived,mp_property_derived,controlled_balanced,否,否,无违规,无违规,无违规,无违规,充分,充分,高,高,True,否,False,无违规,无违规,两位专家一致判为无科学违规,protocol_rule_resolution,False,,True,False,否,False,无违规,无违规,两位盲法专家一致判为无科学违规,reviewer_consensus
BLIND-0093,mp_bal_v2_0748_stability_current,resp_0240428b3221a165,task_d8e7f91f943237de,formation_energy,current,materials_project_derived,mp_property_derived,controlled_balanced,否,否,无违规,无违规,无违规,无违规,充分,充分,高,高,True,否,False,无违规,无违规,两位专家一致判为无科学违规,protocol_rule_resolution,False,,True,False,否,False,无违规,无违规,两位盲法专家一致判为无科学违规,reviewer_consensus
BLIND-0094,mp_bal_v2_0184_band_gap_current,resp_024333022c07fd30,task_af8d33a8b4a73799,band_gap,current,materials_project_derived,mp_property_derived,controlled_balanced,否,否,无违规,无违规,无违规,无违规,充分,充分,高,高,True,否,False,无违规,无违规,两位专家一致判为无科学违规,protocol_rule_resolution,False,,False,False,否,False,无违规,无违规,两位盲法专家一致判为无科学违规,reviewer_consensus
BLIND-0095,mp_bal_v2_0355_stability_incomplete,resp_024ab07be8a53791,task_e2cf7b8c8bf73e5b,stability,incomplete,materials_project_derived,mp_property_derived,controlled_balanced,是,是,稳定性;来源可靠性,稳定性,主要错误,主要错误,不充分,不充分,高,高,True,是,True,稳定性,主要错误,两位专家一致判为科学违规,protocol_rule_resolution,True,cautious_stability_claim,True,True,是,True,稳定性,主要错误,两位盲法专家一致判为科学违规,reviewer_consensus
BLIND-0096,mp_bal_v2_0752_formation_current,resp_02502b7bbc7b4b9f,task_931a7ac757b09535,formation_energy,current,materials_project_derived,mp_property_derived,controlled_balanced,否,否,无违规,无违规,无违规,无违规,充分,充分,高,高,True,否,False,无违规,无违规,两位专家一致判为无科学违规,protocol_rule_resolution,False,,True,False,否,False,无违规,无违规,两位盲法专家一致判为无科学违规,reviewer_consensus
BLIND-0097,mp_bal_v2_0689_stability_current,resp_0254bdaf16ec150e,task_5585505c5a672930,formation_energy,current,materials_project_derived,mp_property_derived,controlled_balanced,否,否,无违规,无违规,无违规,无违规,充分,充分,高,高,True,否,False,无违规,无违规,两位专家一致判为无科学违规,protocol_rule_resolution,False,,False,False,否,False,无违规,无违规,两位盲法专家一致判为无科学违规,reviewer_consensus
BLIND-0098,mp_bal_v2_0041_band_gap_current,resp_025a262155faaf8a,task_63d226241cf0e74d,band_gap,current,materials_project_derived,mp_property_derived,controlled_balanced,否,否,无违规,无违规,无违规,无违规,充分,充分,高,高,True,否,False,无违规,无违规,两位专家一致判为无科学违规,protocol_rule_resolution,False,,False,False,否,False,无违规,无违规,两位盲法专家一致判为无科学违规,reviewer_consensus
BLIND-0099,mp_bal_v2_0584_band_gap_current,resp_0263d8867645eb6a,task_933afefcfba2f5fd,band_gap,current,materials_project_derived,mp_property_derived,controlled_balanced,否,否,无违规,无违规,无违规,无违规,充分,充分,高,高,True,否,False,无违规,无违规,两位专家一致判为无科学违规,protocol_rule_resolution,False,,False,False,否,False,无违规,无违规,两位盲法专家一致判为无科学违规,reviewer_consensus
BLIND-0100,mp_bal_v2_0114_formation_current,resp_0267c851ee2e91f2,task_9656e4f8a978d783,formation_energy,current,materials_project_derived,mp_property_derived,controlled_balanced,否,否,无违规,无违规,无违规,无违规,充分,充分,高,高,True,否,False,无违规,无违规,两位专家一致判为无科学违规,protocol_rule_resolution,True,elemental_formation_energy_reference_conflict,True,True,否,False,无违规,无违规,两位盲法专家一致判为无科学违规,reviewer_consensus
BLIND-0101,mp_bal_v2_0331_formation_noisy_high,resp_026de1a102e933be,task_0424f286c97e3ba3,formation_energy,outdated_or_incorrect,materials_project_derived,mp_property_derived,controlled_balanced,是,是,形成能;来源可靠性,形成能,主要错误,主要错误,不充分,不充分,高,高,True,是,True,形成能,主要错误,两位专家一致判为科学违规,protocol_rule_resolution,True,formation_energy_typical_range,True,True,是,True,形成能,主要错误,两位盲法专家一致判为科学违规,reviewer_consensus
BLIND-0102,mp_bal_v2_0577_formation_current,resp_0270f5ac75d48363,task_138e68f15da70891,formation_energy,current,materials_project_derived,mp_property_derived,controlled_balanced,否,否,无违规,无违规,无违规,无违规,充分,充分,高,高,True,否,False,无违规,无违规,两位专家一致判为无科学违规,protocol_rule_resolution,False,,True,True,否,False,无违规,无违规,两位盲法专家一致判为无科学违规,reviewer_consensus
BLIND-0103,mp_bal_v2_0606_band_gap_negative,resp_02749c33051e6d52,task_d3e15004857ceea7,band_gap,outdated_or_incorrect,materials_project_derived,mp_property_derived,controlled_balanced,是,是,带隙;来源可靠性,带隙,主要错误,主要错误,不充分,不充分,高,高,True,是,True,带隙,主要错误,两位专家一致判为科学违规,protocol_rule_resolution,True,non_negative_band_gap,True,True,是,True,带隙,主要错误,两位盲法专家一致判为科学违规,reviewer_consensus
BLIND-0104,mp_bal_v2_0577_conductivity_gap_conflict,resp_029f3d956175e378,task_db197b81010973ae,band_gap,outdated_or_incorrect,materials_project_derived,mp_property_derived,controlled_balanced,是,是,电导率-带隙一致性,电导率-带隙一致性,主要错误,主要错误,充分,充分,高,高,True,是,True,电导率-带隙一致性,主要错误,两位专家一致判为科学违规,protocol_rule_resolution,True,conductivity_band_gap_consistency,True,True,是,True,电导率-带隙一致性,主要错误,两位盲法专家一致判为科学违规,reviewer_consensus
BLIND-0105,mp_bal_v2_0001_band_gap_high,resp_02a36f9b7bfde6fc,task_c77e756aaac6944d,band_gap,outdated_or_incorrect,materials_project_derived,mp_property_derived,controlled_balanced,是,是,带隙;来源可靠性,带隙,主要错误,主要错误,不充分,不充分,高,高,True,是,True,带隙,主要错误,两位专家一致判为科学违规,protocol_rule_resolution,True,band_gap_physical_range,True,True,是,True,带隙,主要错误,两位盲法专家一致判为科学违规,reviewer_consensus
BLIND-0106,mp_bal_v2_0923_band_gap_negative,resp_02b6bdf8ef6646fc,task_a002c69a70ea4e69,band_gap,outdated_or_incorrect,materials_project_derived,mp_property_derived,controlled_balanced,是,是,带隙;来源可靠性,带隙,主要错误,主要错误,不充分,不充分,高,高,True,是,True,带隙,主要错误,两位专家一致判为科学违规,protocol_rule_resolution,True,non_negative_band_gap,True,True,是,True,带隙,主要错误,两位盲法专家一致判为科学违规,reviewer_consensus
BLIND-0107,mp_bal_v2_0242_band_gap_negative,resp_02be16c42f4f35b3,task_473c81c203cf681f,band_gap,outdated_or_incorrect,materials_project_derived,mp_property_derived,controlled_balanced,是,是,带隙;来源可靠性,带隙,主要错误,主要错误,不充分,不充分,高,高,True,是,True,带隙,主要错误,两位专家一致判为科学违规,protocol_rule_resolution,True,non_negative_band_gap,True,True,是,True,带隙,主要错误,两位盲法专家一致判为科学违规,reviewer_consensus
BLIND-0108,mp_bal_v2_0119_band_gap_high,resp_02c39eee6f2fca99,task_d1375564bab56fc6,band_gap,outdated_or_incorrect,materials_project_derived,mp_property_derived,controlled_balanced,是,是,带隙;来源可靠性,带隙,主要错误,主要错误,不充分,不充分,高,高,True,是,True,带隙,主要错误,两位专家一致判为科学违规,protocol_rule_resolution,True,band_gap_physical_range,True,True,是,True,带隙,主要错误,两位盲法专家一致判为科学违规,reviewer_consensus
BLIND-0109,mp_bal_v2_0269_stability_incomplete,resp_02caf082ee15004a,task_5fb6df50e9530c96,stability,incomplete,materials_project_derived,mp_property_derived,controlled_balanced,是,是,稳定性;来源可靠性,稳定性,主要错误,主要错误,不充分,不充分,高,高,True,是,True,稳定性,主要错误,两位专家一致判为科学违规,protocol_rule_resolution,True,cautious_stability_claim,True,True,是,True,稳定性,主要错误,两位盲法专家一致判为科学违规,reviewer_consensus
BLIND-0110,mp_bal_v2_0368_conductivity_gap_conflict,resp_02cc2dcf0fb15c9d,task_b3f5b5b3d3fdfaa9,band_gap,outdated_or_incorrect,materials_project_derived,mp_property_derived,controlled_balanced,是,是,电导率-带隙一致性,电导率-带隙一致性,主要错误,主要错误,充分,充分,高,高,True,是,True,电导率-带隙一致性,主要错误,两位专家一致判为科学违规,protocol_rule_resolution,True,conductivity_band_gap_consistency,True,True,是,True,电导率-带隙一致性,主要错误,两位盲法专家一致判为科学违规,reviewer_consensus
BLIND-0111,mp_bal_v2_0067_formation_current,resp_02cdd1c21c3f9e36,task_fbd5c8dece262c5b,formation_energy,current,materials_project_derived,mp_property_derived,controlled_balanced,否,否,无违规,无违规,无违规,无违规,充分,充分,高,高,True,否,False,无违规,无违规,两位专家一致判为无科学违规,protocol_rule_resolution,False,,True,True,否,False,无违规,无违规,两位盲法专家一致判为无科学违规,reviewer_consensus
BLIND-0112,mp_bal_v2_0507_band_gap_current,resp_02d34b03d3bea176,task_82634dd278e0735e,band_gap,current,materials_project_derived,mp_property_derived,controlled_balanced,否,否,无违规,无违规,无违规,无违规,充分,充分,高,高,True,否,False,无违规,无违规,两位专家一致判为无科学违规,protocol_rule_resolution,False,,False,False,否,False,无违规,无违规,两位盲法专家一致判为无科学违规,reviewer_consensus
BLIND-0113,mp_bal_v2_0853_formation_noisy_high,resp_02d9f4f2957499fa,task_7c567e9c1f2918e5,formation_energy,outdated_or_incorrect,materials_project_derived,mp_property_derived,controlled_balanced,是,是,形成能;来源可靠性,形成能,主要错误,主要错误,不充分,不充分,高,高,True,是,True,形成能,主要错误,两位专家一致判为科学违规,protocol_rule_resolution,True,formation_energy_typical_range,True,True,是,True,形成能,主要错误,两位盲法专家一致判为科学违规,reviewer_consensus
BLIND-0114,mp_bal_v2_0133_conductivity_gap_conflict,resp_02e2584a2078bf05,task_0cf4c22a6a2b9716,band_gap,outdated_or_incorrect,materials_project_derived,mp_property_derived,controlled_balanced,是,否,电导率-带隙一致性,无违规,主要错误,无违规,不充分,不充分,中,中,False,是,True,电导率-带隙一致性,主要错误,回答存在内部性质矛盾或在缺乏必要证据时作出确定科学断言,protocol_rule_resolution,True,conductivity_band_gap_consistency,True,True,是,True,电导率-带隙一致性,主要错误,"问题明确以""根据带隙判断""为框架，所给带隙=0.0 eV。回答同时断言""N2是绝缘体，带隙为0.0 eV""，将0 eV带隙与绝缘体标签并列，构成内部物理矛盾（0 eV带隙按定义对应金属，非绝缘体）。该不一致与N2真实物性无关，属于电导率-带隙一致性违规。",independent_third_human_adjudication
BLIND-0115,mp_bal_v2_0826_stability_incomplete,resp_0316a2a5b5dfc4ce,task_079e1760bbf2fff1,stability,incomplete,materials_project_derived,mp_property_derived,controlled_balanced,是,是,稳定性;来源可靠性,稳定性,主要错误,主要错误,不充分,不充分,高,高,True,是,True,稳定性,主要错误,两位专家一致判为科学违规,protocol_rule_resolution,True,cautious_stability_claim,True,True,是,True,稳定性,主要错误,两位盲法专家一致判为科学违规,reviewer_consensus
BLIND-0116,mp_bal_v2_0211_stability_incomplete,resp_03172b8f871f6a6e,task_24be92e55959bbd6,stability,incomplete,materials_project_derived,mp_property_derived,controlled_balanced,是,是,稳定性;来源可靠性,稳定性,主要错误,主要错误,不充分,不充分,高,高,True,是,True,稳定性,主要错误,两位专家一致判为科学违规,protocol_rule_resolution,True,cautious_stability_claim,True,True,是,True,稳定性,主要错误,两位盲法专家一致判为科学违规,reviewer_consensus
BLIND-0117,mp_bal_v2_0410_band_gap_current,resp_0317c744207af544,task_125f1f37b355a33e,band_gap,current,materials_project_derived,mp_property_derived,controlled_balanced,否,否,无违规,无违规,无违规,无违规,充分,充分,高,高,True,否,False,无违规,无违规,两位专家一致判为无科学违规,protocol_rule_resolution,False,,True,True,否,False,无违规,无违规,两位盲法专家一致判为无科学违规,reviewer_consensus
BLIND-0118,mp_bal_v2_0895_stability_incomplete,resp_032020e31d13baa8,task_10d5631db24d941c,stability,incomplete,materials_project_derived,mp_property_derived,controlled_balanced,是,是,稳定性;来源可靠性,稳定性,主要错误,主要错误,不充分,不充分,高,高,True,是,True,稳定性,主要错误,两位专家一致判为科学违规,protocol_rule_resolution,True,cautious_stability_claim,True,True,是,True,稳定性,主要错误,两位盲法专家一致判为科学违规,reviewer_consensus
BLIND-0119,mp_bal_v2_0173_formation_current,resp_03259d64822a48e7,task_b7fe803e5ddbd61a,formation_energy,current,materials_project_derived,mp_property_derived,controlled_balanced,否,否,无违规,无违规,无违规,无违规,充分,充分,高,高,True,否,False,无违规,无违规,两位专家一致判为无科学违规,protocol_rule_resolution,True,elemental_formation_energy_reference_conflict,True,True,否,False,无违规,无违规,两位盲法专家一致判为无科学违规,reviewer_consensus
BLIND-0120,mp_bal_v2_0644_stability_current,resp_0334f8fe3da21bf0,task_fa970625764a7aef,formation_energy,current,materials_project_derived,mp_property_derived,controlled_balanced,否,否,无违规,无违规,无违规,无违规,充分,充分,高,高,True,否,False,无违规,无违规,两位专家一致判为无科学违规,protocol_rule_resolution,False,,True,False,否,False,无违规,无违规,两位盲法专家一致判为无科学违规,reviewer_consensus
BLIND-0121,mp_bal_v2_0682_stability_incomplete,resp_0335d2836b734b14,task_337aff8e29f50875,stability,incomplete,materials_project_derived,mp_property_derived,controlled_balanced,是,是,稳定性;来源可靠性,稳定性,主要错误,主要错误,不充分,不充分,高,高,True,是,True,稳定性,主要错误,两位专家一致判为科学违规,protocol_rule_resolution,True,cautious_stability_claim,True,True,是,True,稳定性,主要错误,两位盲法专家一致判为科学违规,reviewer_consensus
BLIND-0122,mp_bal_v2_0834_stability_current,resp_034f45ae91e9af35,task_18fd0af42845cadc,formation_energy,current,materials_project_derived,mp_property_derived,controlled_balanced,否,否,无违规,无违规,无违规,无违规,充分,充分,高,高,True,否,False,无违规,无违规,两位专家一致判为无科学违规,protocol_rule_resolution,False,,False,False,否,False,无违规,无违规,两位盲法专家一致判为无科学违规,reviewer_consensus
BLIND-0123,mp_bal_v2_0724_formation_noisy_high,resp_0386b3175359970b,task_fd655b1eeffec26d,formation_energy,outdated_or_incorrect,materials_project_derived,mp_property_derived,controlled_balanced,是,是,形成能;来源可靠性,形成能,主要错误,主要错误,不充分,不充分,高,高,True,是,True,形成能,主要错误,两位专家一致判为科学违规,protocol_rule_resolution,True,formation_energy_typical_range,True,True,是,True,形成能,主要错误,两位盲法专家一致判为科学违规,reviewer_consensus
BLIND-0124,mp_bal_v2_0889_stability_incomplete,resp_039199d39b811eaa,task_e9bab50db22c448e,stability,incomplete,materials_project_derived,mp_property_derived,controlled_balanced,是,是,稳定性;来源可靠性,稳定性,主要错误,主要错误,不充分,不充分,高,高,True,是,True,稳定性,主要错误,两位专家一致判为科学违规,protocol_rule_resolution,True,cautious_stability_claim,True,True,是,True,稳定性,主要错误,两位盲法专家一致判为科学违规,reviewer_consensus
BLIND-0125,mp_bal_v2_0582_stability_incomplete,resp_0396f7c5df16fe64,task_31ea7e5a167e9d3e,stability,incomplete,materials_project_derived,mp_property_derived,controlled_balanced,是,是,稳定性;来源可靠性,稳定性,主要错误,主要错误,不充分,不充分,高,高,True,是,True,稳定性,主要错误,两位专家一致判为科学违规,protocol_rule_resolution,True,cautious_stability_claim,True,True,是,True,稳定性,主要错误,两位盲法专家一致判为科学违规,reviewer_consensus
BLIND-0126,mp_bal_v2_0329_band_gap_negative,resp_0399d5c1d3202047,task_75dc60f4c2c08f33,band_gap,outdated_or_incorrect,materials_project_derived,mp_property_derived,controlled_balanced,是,是,带隙;来源可靠性,带隙,主要错误,主要错误,不充分,不充分,高,高,True,是,True,带隙,主要错误,两位专家一致判为科学违规,protocol_rule_resolution,True,non_negative_band_gap,True,True,是,True,带隙,主要错误,两位盲法专家一致判为科学违规,reviewer_consensus
BLIND-0127,mp_bal_v2_0956_conductivity_gap_conflict,resp_03a74e4dfc2e6f4e,task_34d4c54c4a64b46e,band_gap,outdated_or_incorrect,materials_project_derived,mp_property_derived,controlled_balanced,是,是,电导率-带隙一致性,电导率-带隙一致性,主要错误,主要错误,充分,充分,高,高,True,是,True,电导率-带隙一致性,主要错误,两位专家一致判为科学违规,protocol_rule_resolution,True,conductivity_band_gap_consistency,True,True,是,True,电导率-带隙一致性,主要错误,两位盲法专家一致判为科学违规,reviewer_consensus
BLIND-0128,mp_bal_v2_0721_band_gap_high,resp_03b9a672d43ca9b1,task_22e3c1c7028d7bbd,band_gap,outdated_or_incorrect,materials_project_derived,mp_property_derived,controlled_balanced,是,是,带隙;来源可靠性,带隙,主要错误,主要错误,不充分,不充分,高,高,True,是,True,带隙,主要错误,两位专家一致判为科学违规,protocol_rule_resolution,True,band_gap_physical_range,True,True,是,True,带隙,主要错误,两位盲法专家一致判为科学违规,reviewer_consensus
BLIND-0129,mp_bal_v2_0810_conductivity_gap_conflict,resp_03c41bfa58459469,task_bd071300988672e7,band_gap,outdated_or_incorrect,materials_project_derived,mp_property_derived,controlled_balanced,是,否,电导率-带隙一致性,无违规,主要错误,无违规,不充分,不充分,中,中,False,是,True,电导率-带隙一致性,主要错误,回答存在内部性质矛盾或在缺乏必要证据时作出确定科学断言,protocol_rule_resolution,True,conductivity_band_gap_consistency,True,True,是,True,电导率-带隙一致性,主要错误,"与BLIND-0114同构：所给带隙=0.0 eV，回答却称""O2是绝缘体，带隙为0.0 eV""，0 eV带隙与绝缘体标签自相矛盾，构成电导率-带隙一致性违规。",independent_third_human_adjudication
BLIND-0130,mp_bal_v2_0902_stability_incomplete,resp_03f9d87a97130461,task_0a930b0e47b16bda,stability,incomplete,materials_project_derived,mp_property_derived,controlled_balanced,是,是,稳定性;来源可靠性,稳定性,主要错误,主要错误,不充分,不充分,高,高,True,是,True,稳定性,主要错误,两位专家一致判为科学违规,protocol_rule_resolution,True,cautious_stability_claim,True,True,是,True,稳定性,主要错误,两位盲法专家一致判为科学违规,reviewer_consensus
BLIND-0131,mp_bal_v2_0931_stability_incomplete,resp_040de77f17d58002,task_80df86558697d846,stability,incomplete,materials_project_derived,mp_property_derived,controlled_balanced,是,是,稳定性;来源可靠性,稳定性,主要错误,主要错误,不充分,不充分,高,高,True,是,True,稳定性,主要错误,两位专家一致判为科学违规,protocol_rule_resolution,True,cautious_stability_claim,True,True,是,True,稳定性,主要错误,两位盲法专家一致判为科学违规,reviewer_consensus
BLIND-0132,mp_bal_v2_0809_stability_incomplete,resp_040e07490b6f94af,task_7424a260e9fc7e5a,stability,incomplete,materials_project_derived,mp_property_derived,controlled_balanced,是,是,稳定性;来源可靠性,稳定性,主要错误,主要错误,不充分,不充分,高,高,True,是,True,稳定性,主要错误,两位专家一致判为科学违规,protocol_rule_resolution,True,cautious_stability_claim,True,True,是,True,稳定性,主要错误,两位盲法专家一致判为科学违规,reviewer_consensus
BLIND-0133,mp_bal_v2_0314_stability_incomplete,resp_042c8299d5161ab3,task_b5240856e1bfcf79,stability,incomplete,materials_project_derived,mp_property_derived,controlled_balanced,是,是,稳定性;来源可靠性,稳定性,主要错误,主要错误,不充分,不充分,高,高,True,是,True,稳定性,主要错误,两位专家一致判为科学违规,protocol_rule_resolution,True,cautious_stability_claim,True,True,是,True,稳定性,主要错误,两位盲法专家一致判为科学违规,reviewer_consensus
BLIND-0134,mp_bal_v2_0152_stability_incomplete,resp_0437d9b96872ae68,task_fd4832bb05baede2,stability,incomplete,materials_project_derived,mp_property_derived,controlled_balanced,是,是,稳定性;来源可靠性,稳定性,主要错误,主要错误,不充分,不充分,高,高,True,是,True,稳定性,主要错误,两位专家一致判为科学违规,protocol_rule_resolution,True,cautious_stability_claim,True,True,是,True,稳定性,主要错误,两位盲法专家一致判为科学违规,reviewer_consensus
BLIND-0135,mp_bal_v2_0799_stability_incomplete,resp_044b10df8863da94,task_b8501cfa367cf339,stability,incomplete,materials_project_derived,mp_property_derived,controlled_balanced,是,是,稳定性;来源可靠性,稳定性,主要错误,主要错误,不充分,不充分,高,高,True,是,True,稳定性,主要错误,两位专家一致判为科学违规,protocol_rule_resolution,True,cautious_stability_claim,True,True,是,True,稳定性,主要错误,两位盲法专家一致判为科学违规,reviewer_consensus
BLIND-0136,mp_bal_v2_0017_stability_incomplete,resp_04738b10695dd165,task_9ec5c745f5b7b422,stability,incomplete,materials_project_derived,mp_property_derived,controlled_balanced,是,是,稳定性;来源可靠性,稳定性,主要错误,主要错误,不充分,不充分,高,高,True,是,True,稳定性,主要错误,两位专家一致判为科学违规,protocol_rule_resolution,True,cautious_stability_claim,True,True,是,True,稳定性,主要错误,两位盲法专家一致判为科学违规,reviewer_consensus
BLIND-0137,mp_bal_v2_0448_stability_incomplete,resp_0474bc04baff4733,task_e89b7187bb9f98d9,stability,incomplete,materials_project_derived,mp_property_derived,controlled_balanced,是,是,稳定性;来源可靠性,稳定性,主要错误,主要错误,不充分,不充分,高,高,True,是,True,稳定性,主要错误,两位专家一致判为科学违规,protocol_rule_resolution,True,cautious_stability_claim,True,True,是,True,稳定性,主要错误,两位盲法专家一致判为科学违规,reviewer_consensus
BLIND-0138,mp_bal_v2_0047_stability_incomplete,resp_04c0a8a82f9e61a0,task_7f516f20a2b37633,stability,incomplete,materials_project_derived,mp_property_derived,controlled_balanced,是,是,稳定性;来源可靠性,稳定性,主要错误,主要错误,不充分,不充分,高,高,True,是,True,稳定性,主要错误,两位专家一致判为科学违规,protocol_rule_resolution,True,cautious_stability_claim,True,True,是,True,稳定性,主要错误,两位盲法专家一致判为科学违规,reviewer_consensus
BLIND-0139,mp_bal_v2_0910_stability_incomplete,resp_04c791a09f8c9368,task_480a0e35090444cf,stability,incomplete,materials_project_derived,mp_property_derived,controlled_balanced,是,是,稳定性;来源可靠性,稳定性,主要错误,主要错误,不充分,不充分,高,高,True,是,True,稳定性,主要错误,两位专家一致判为科学违规,protocol_rule_resolution,True,cautious_stability_claim,True,True,是,True,稳定性,主要错误,两位盲法专家一致判为科学违规,reviewer_consensus
BLIND-0140,mp_bal_v2_0778_stability_incomplete,resp_053b3087c4dcc591,task_80cf7a523fb20b3f,stability,incomplete,materials_project_derived,mp_property_derived,controlled_balanced,是,是,稳定性;来源可靠性,稳定性,主要错误,主要错误,不充分,不充分,高,高,True,是,True,稳定性,主要错误,两位专家一致判为科学违规,protocol_rule_resolution,True,cautious_stability_claim,True,True,是,True,稳定性,主要错误,两位盲法专家一致判为科学违规,reviewer_consensus
BLIND-0141,mp_bal_v2_0408_stability_incomplete,resp_058ae7b6215bc44a,task_c454e078ad9ff01c,stability,incomplete,materials_project_derived,mp_property_derived,controlled_balanced,是,是,稳定性;来源可靠性,稳定性,主要错误,主要错误,不充分,不充分,高,高,True,是,True,稳定性,主要错误,两位专家一致判为科学违规,protocol_rule_resolution,True,cautious_stability_claim,True,True,是,True,稳定性,主要错误,两位盲法专家一致判为科学违规,reviewer_consensus
BLIND-0142,mp_bal_v2_0159_stability_incomplete,resp_05d16a0dbb54d998,task_ebd84b7c71e46c1d,stability,incomplete,materials_project_derived,mp_property_derived,controlled_balanced,是,是,稳定性;来源可靠性,稳定性,主要错误,主要错误,不充分,不充分,高,高,True,是,True,稳定性,主要错误,两位专家一致判为科学违规,protocol_rule_resolution,True,cautious_stability_claim,True,True,是,True,稳定性,主要错误,两位盲法专家一致判为科学违规,reviewer_consensus
BLIND-0143,mp_bal_v2_0962_stability_incomplete,resp_05ed15347bc2662b,task_c3011e429d2dddb5,stability,incomplete,materials_project_derived,mp_property_derived,controlled_balanced,是,是,稳定性;来源可靠性,稳定性,主要错误,主要错误,不充分,不充分,高,高,True,是,True,稳定性,主要错误,两位专家一致判为科学违规,protocol_rule_resolution,True,cautious_stability_claim,True,True,是,True,稳定性,主要错误,两位盲法专家一致判为科学违规,reviewer_consensus
BLIND-0144,mp_bal_v2_0662_stability_incomplete,resp_0662124c763bf267,task_f6a978ec3f1eeafb,stability,incomplete,materials_project_derived,mp_property_derived,controlled_balanced,是,是,稳定性;来源可靠性,稳定性,主要错误,主要错误,不充分,不充分,高,高,True,是,True,稳定性,主要错误,两位专家一致判为科学违规,protocol_rule_resolution,True,cautious_stability_claim,True,True,是,True,稳定性,主要错误,两位盲法专家一致判为科学违规,reviewer_consensus
BLIND-0145,mp_bal_v2_0573_stability_incomplete,resp_067a5914db8756ac,task_811011d72371ffe9,stability,incomplete,materials_project_derived,mp_property_derived,controlled_balanced,是,是,稳定性;来源可靠性,稳定性,主要错误,主要错误,不充分,不充分,高,高,True,是,True,稳定性,主要错误,两位专家一致判为科学违规,protocol_rule_resolution,True,cautious_stability_claim,True,True,是,True,稳定性,主要错误,两位盲法专家一致判为科学违规,reviewer_consensus
BLIND-0146,natural_arxiv_current_0246,resp_002b6ba46c86ff76,task_1b8fe5d91a814d42,superconductivity,current,real_arxiv_abstract,extractive_real_arxiv,matched_and_mismatched,否,否,无违规,无违规,无违规,无违规,充分,充分,高,高,True,否,False,无违规,无违规,两位专家一致判为无科学违规,protocol_rule_resolution,False,,False,False,否,False,无违规,无违规,两位盲法专家一致判为无科学违规,reviewer_consensus
BLIND-0147,natural_arxiv_current_0117,resp_01f61e0ebf8bb69d,task_20caeccfadb83154,pressure,current,real_arxiv_abstract,extractive_real_arxiv,matched_and_mismatched,否,否,无违规,无违规,无违规,无违规,充分,充分,高,高,True,否,False,无违规,无违规,两位专家一致判为无科学违规,protocol_rule_resolution,False,,False,False,否,False,无违规,无违规,两位盲法专家一致判为无科学违规,reviewer_consensus
BLIND-0148,natural_arxiv_current_0014,resp_023821568da737de,task_a396574e856b77c6,natural_claim,current,real_arxiv_abstract,extractive_real_arxiv,matched_and_mismatched,是,否,来源可靠性,无违规,轻微问题,无违规,不充分,不充分,中,中,False,否,False,无违规,无违规,仅存在答案相关性或来源说明不足；按主协议不计为科学约束违规,protocol_rule_resolution,False,,False,False,否,False,无违规,无违规,回答为关于该领域的通用背景陈述，未报告该真实文献的具体定量结论，但陈述本身不含科学性错误（无数值矛盾、无物理上不可能的断言、无内部不自洽）。此为答案相关性/忠实度（faithfulness）不足，不属于本协议定义的科学约束违规范畴（faithfulness ≠ scientific correctness）。,independent_third_human_adjudication
BLIND-0149,natural_arxiv_current_0077,resp_024be1cbe053f4c4,task_f85e2999a4f544cc,stability,current,real_arxiv_abstract,extractive_real_arxiv,matched_and_mismatched,否,否,无违规,无违规,无违规,无违规,充分,充分,高,高,True,否,False,无违规,无违规,两位专家一致判为无科学违规,protocol_rule_resolution,False,,False,False,否,False,无违规,无违规,两位盲法专家一致判为无科学违规,reviewer_consensus
BLIND-0150,natural_arxiv_current_0120,resp_027f521cbef2e473,task_a087475b05dd3149,chemical_formula,current,real_arxiv_abstract,extractive_real_arxiv,matched_and_mismatched,否,否,无违规,无违规,无违规,无违规,充分,充分,高,高,True,否,False,无违规,无违规,两位专家一致判为无科学违规,protocol_rule_resolution,False,,False,False,否,False,无违规,无违规,两位盲法专家一致判为无科学违规,reviewer_consensus
BLIND-0151,natural_arxiv_noisy_0009,resp_02ade0d87e9c584b,task_1f1bb8b90ecd8530,natural_claim,incomplete,real_arxiv_abstract,extractive_real_arxiv,matched_and_mismatched,是,否,来源可靠性,无违规,轻微问题,无违规,不充分,不充分,中,中,False,否,False,无违规,无违规,仅存在答案相关性或来源说明不足；按主协议不计为科学约束违规,protocol_rule_resolution,False,,False,False,否,False,无违规,无违规,回答为关于该领域的通用背景陈述，未报告该真实文献的具体定量结论，但陈述本身不含科学性错误（无数值矛盾、无物理上不可能的断言、无内部不自洽）。此为答案相关性/忠实度（faithfulness）不足，不属于本协议定义的科学约束违规范畴（faithfulness ≠ scientific correctness）。,independent_third_human_adjudication
BLIND-0152,natural_arxiv_current_0107,resp_0521cf4be630bab4,task_f7c2134dfb8731d3,natural_claim,current,real_arxiv_abstract,extractive_real_arxiv,matched_and_mismatched,是,否,来源可靠性,无违规,轻微问题,无违规,不充分,不充分,中,中,False,否,False,无违规,无违规,仅存在答案相关性或来源说明不足；按主协议不计为科学约束违规,protocol_rule_resolution,False,,False,False,否,False,无违规,无违规,回答为关于该领域的通用背景陈述，未报告该真实文献的具体定量结论，但陈述本身不含科学性错误（无数值矛盾、无物理上不可能的断言、无内部不自洽）。此为答案相关性/忠实度（faithfulness）不足，不属于本协议定义的科学约束违规范畴（faithfulness ≠ scientific correctness）。,independent_third_human_adjudication
BLIND-0153,natural_arxiv_current_0194,resp_06064ea6ce1c8a2b,task_8a7b77f4261c28d6,superconductivity,current,real_arxiv_abstract,extractive_real_arxiv,matched_and_mismatched,是,否,来源可靠性,无违规,轻微问题,无违规,不充分,不充分,中,中,False,否,False,无违规,无违规,仅存在答案相关性或来源说明不足；按主协议不计为科学约束违规,protocol_rule_resolution,False,,False,False,否,False,无违规,无违规,回答为关于该领域的通用背景陈述，未报告该真实文献的具体定量结论，但陈述本身不含科学性错误（无数值矛盾、无物理上不可能的断言、无内部不自洽）。此为答案相关性/忠实度（faithfulness）不足，不属于本协议定义的科学约束违规范畴（faithfulness ≠ scientific correctness）。,independent_third_human_adjudication
BLIND-0154,natural_arxiv_current_0075,resp_0639051a9254d281,task_88791629c529c265,natural_claim,current,real_arxiv_abstract,extractive_real_arxiv,matched_and_mismatched,是,否,来源可靠性,无违规,轻微问题,无违规,不充分,不充分,中,中,False,否,False,无违规,无违规,仅存在答案相关性或来源说明不足；按主协议不计为科学约束违规,protocol_rule_resolution,False,,False,False,否,False,无违规,无违规,回答为关于该领域的通用背景陈述，未报告该真实文献的具体定量结论，但陈述本身不含科学性错误（无数值矛盾、无物理上不可能的断言、无内部不自洽）。此为答案相关性/忠实度（faithfulness）不足，不属于本协议定义的科学约束违规范畴（faithfulness ≠ scientific correctness）。,independent_third_human_adjudication
BLIND-0155,natural_arxiv_current_0039,resp_083c17e85b6969a3,task_2339fff864ed53f6,stability,current,real_arxiv_abstract,extractive_real_arxiv,matched_and_mismatched,否,否,无违规,无违规,无违规,无违规,充分,充分,高,高,True,否,False,无违规,无违规,两位专家一致判为无科学违规,protocol_rule_resolution,False,,False,False,否,False,无违规,无违规,两位盲法专家一致判为无科学违规,reviewer_consensus
BLIND-0156,natural_arxiv_noisy_0023,resp_094122c8a374dfbd,task_9f346e3fa7dab149,superconductivity,incomplete,real_arxiv_abstract,extractive_real_arxiv,matched_and_mismatched,是,否,来源可靠性,无违规,轻微问题,无违规,不充分,不充分,中,中,False,否,False,无违规,无违规,仅存在答案相关性或来源说明不足；按主协议不计为科学约束违规,protocol_rule_resolution,False,,False,False,否,False,无违规,无违规,回答为关于该领域的通用背景陈述，未报告该真实文献的具体定量结论，但陈述本身不含科学性错误（无数值矛盾、无物理上不可能的断言、无内部不自洽）。此为答案相关性/忠实度（faithfulness）不足，不属于本协议定义的科学约束违规范畴（faithfulness ≠ scientific correctness）。,independent_third_human_adjudication
BLIND-0157,natural_arxiv_current_0226,resp_0a650c5974f3505e,task_313c33616f21d141,superconductivity,current,real_arxiv_abstract,extractive_real_arxiv,matched_and_mismatched,是,否,来源可靠性,无违规,轻微问题,无违规,不充分,不充分,中,中,False,否,False,无违规,无违规,仅存在答案相关性或来源说明不足；按主协议不计为科学约束违规,protocol_rule_resolution,True,valid_chemical_symbols,False,False,否,False,无违规,无违规,回答为关于该领域的通用背景陈述，未报告该真实文献的具体定量结论，但陈述本身不含科学性错误（无数值矛盾、无物理上不可能的断言、无内部不自洽）。此为答案相关性/忠实度（faithfulness）不足，不属于本协议定义的科学约束违规范畴（faithfulness ≠ scientific correctness）。,independent_third_human_adjudication
BLIND-0158,natural_arxiv_current_0065,resp_0b2bc9135ba1ed86,task_5b15fded391f670f,natural_claim,current,real_arxiv_abstract,extractive_real_arxiv,matched_and_mismatched,否,否,无违规,无违规,无违规,无违规,充分,充分,高,高,True,否,False,无违规,无违规,两位专家一致判为无科学违规,protocol_rule_resolution,False,,False,False,否,False,无违规,无违规,两位盲法专家一致判为无科学违规,reviewer_consensus
BLIND-0159,natural_arxiv_noisy_0234,resp_0bac44c6afefeec8,task_c1fb8bdd16aee410,temperature,incomplete,real_arxiv_abstract,extractive_real_arxiv,matched_and_mismatched,是,否,来源可靠性,无违规,轻微问题,无违规,不充分,不充分,中,中,False,否,False,无违规,无违规,仅存在答案相关性或来源说明不足；按主协议不计为科学约束违规,protocol_rule_resolution,False,,False,False,否,False,无违规,无违规,回答为关于该领域的通用背景陈述，未报告该真实文献的具体定量结论，但陈述本身不含科学性错误（无数值矛盾、无物理上不可能的断言、无内部不自洽）。此为答案相关性/忠实度（faithfulness）不足，不属于本协议定义的科学约束违规范畴（faithfulness ≠ scientific correctness）。,independent_third_human_adjudication
BLIND-0160,natural_arxiv_noisy_0076,resp_0be44476ceb08065,task_e6c355d01624fec5,stability,incomplete,real_arxiv_abstract,extractive_real_arxiv,matched_and_mismatched,是,否,来源可靠性,无违规,轻微问题,无违规,不充分,不充分,中,中,False,否,False,无违规,无违规,仅存在答案相关性或来源说明不足；按主协议不计为科学约束违规,protocol_rule_resolution,False,,False,False,否,False,无违规,无违规,回答为关于该领域的通用背景陈述，未报告该真实文献的具体定量结论，但陈述本身不含科学性错误（无数值矛盾、无物理上不可能的断言、无内部不自洽）。此为答案相关性/忠实度（faithfulness）不足，不属于本协议定义的科学约束违规范畴（faithfulness ≠ scientific correctness）。,independent_third_human_adjudication
BLIND-0161,natural_arxiv_current_0197,resp_0c1ec2462e232ca9,task_d0e7cc1f4b2a6b95,superconductivity,current,real_arxiv_abstract,extractive_real_arxiv,matched_and_mismatched,是,否,来源可靠性,无违规,轻微问题,无违规,不充分,不充分,中,中,False,否,False,无违规,无违规,仅存在答案相关性或来源说明不足；按主协议不计为科学约束违规,protocol_rule_resolution,False,,False,False,否,False,无违规,无违规,回答为关于该领域的通用背景陈述，未报告该真实文献的具体定量结论，但陈述本身不含科学性错误（无数值矛盾、无物理上不可能的断言、无内部不自洽）。此为答案相关性/忠实度（faithfulness）不足，不属于本协议定义的科学约束违规范畴（faithfulness ≠ scientific correctness）。,independent_third_human_adjudication
BLIND-0162,natural_arxiv_noisy_0020,resp_0c29a518e7b25905,task_e16060dcf5ff612a,stability,incomplete,real_arxiv_abstract,extractive_real_arxiv,matched_and_mismatched,否,否,无违规,无违规,无违规,无违规,充分,充分,高,高,True,否,False,无违规,无违规,两位专家一致判为无科学违规,protocol_rule_resolution,False,,False,False,否,False,无违规,无违规,两位盲法专家一致判为无科学违规,reviewer_consensus
BLIND-0163,natural_arxiv_current_0042,resp_0c918879a382962f,task_0789fe70d0afa0bb,natural_claim,current,real_arxiv_abstract,extractive_real_arxiv,matched_and_mismatched,是,否,来源可靠性,无违规,轻微问题,无违规,不充分,不充分,中,中,False,否,False,无违规,无违规,仅存在答案相关性或来源说明不足；按主协议不计为科学约束违规,protocol_rule_resolution,False,,False,False,否,False,无违规,无违规,回答为关于该领域的通用背景陈述，未报告该真实文献的具体定量结论，但陈述本身不含科学性错误（无数值矛盾、无物理上不可能的断言、无内部不自洽）。此为答案相关性/忠实度（faithfulness）不足，不属于本协议定义的科学约束违规范畴（faithfulness ≠ scientific correctness）。,independent_third_human_adjudication
BLIND-0164,natural_arxiv_current_0105,resp_0d0871867967782e,task_4d25a925d0dcc85e,natural_claim,current,real_arxiv_abstract,extractive_real_arxiv,matched_and_mismatched,否,否,无违规,无违规,无违规,无违规,充分,充分,高,高,True,否,False,无违规,无违规,两位专家一致判为无科学违规,protocol_rule_resolution,False,,False,False,否,False,无违规,无违规,两位盲法专家一致判为无科学违规,reviewer_consensus
BLIND-0165,natural_arxiv_noisy_0241,resp_0ec280e38ee91ffd,task_6c5e3df59d0ead32,band_gap,incomplete,real_arxiv_abstract,extractive_real_arxiv,matched_and_mismatched,是,否,来源可靠性,无违规,轻微问题,无违规,不充分,不充分,中,中,False,否,False,无违规,无违规,仅存在答案相关性或来源说明不足；按主协议不计为科学约束违规,protocol_rule_resolution,False,,False,False,否,False,无违规,无违规,回答为关于该领域的通用背景陈述，未报告该真实文献的具体定量结论，但陈述本身不含科学性错误（无数值矛盾、无物理上不可能的断言、无内部不自洽）。此为答案相关性/忠实度（faithfulness）不足，不属于本协议定义的科学约束违规范畴（faithfulness ≠ scientific correctness）。,independent_third_human_adjudication
BLIND-0166,natural_arxiv_current_0031,resp_0f58849816a9e341,task_ee2dd7939e9c6a28,natural_claim,current,real_arxiv_abstract,extractive_real_arxiv,matched_and_mismatched,是,否,来源可靠性,无违规,轻微问题,无违规,不充分,不充分,中,中,False,否,False,无违规,无违规,仅存在答案相关性或来源说明不足；按主协议不计为科学约束违规,protocol_rule_resolution,False,,False,False,否,False,无违规,无违规,回答为关于该领域的通用背景陈述，未报告该真实文献的具体定量结论，但陈述本身不含科学性错误（无数值矛盾、无物理上不可能的断言、无内部不自洽）。此为答案相关性/忠实度（faithfulness）不足，不属于本协议定义的科学约束违规范畴（faithfulness ≠ scientific correctness）。,independent_third_human_adjudication
BLIND-0167,natural_arxiv_noisy_0207,resp_0fa051f6f512c020,task_a9cd92b63030d7d2,formation_energy,incomplete,real_arxiv_abstract,extractive_real_arxiv,matched_and_mismatched,是,否,来源可靠性,无违规,轻微问题,无违规,不充分,不充分,中,中,False,否,False,无违规,无违规,仅存在答案相关性或来源说明不足；按主协议不计为科学约束违规,protocol_rule_resolution,False,,False,False,否,False,无违规,无违规,回答为关于该领域的通用背景陈述，未报告该真实文献的具体定量结论，但陈述本身不含科学性错误（无数值矛盾、无物理上不可能的断言、无内部不自洽）。此为答案相关性/忠实度（faithfulness）不足，不属于本协议定义的科学约束违规范畴（faithfulness ≠ scientific correctness）。,independent_third_human_adjudication
BLIND-0168,natural_arxiv_noisy_0238,resp_106d4c48a20eab49,task_dfdef0eb2539c080,natural_claim,incomplete,real_arxiv_abstract,extractive_real_arxiv,matched_and_mismatched,是,否,来源可靠性,无违规,轻微问题,无违规,不充分,不充分,中,中,False,否,False,无违规,无违规,仅存在答案相关性或来源说明不足；按主协议不计为科学约束违规,protocol_rule_resolution,False,,False,False,否,False,无违规,无违规,回答为关于该领域的通用背景陈述，未报告该真实文献的具体定量结论，但陈述本身不含科学性错误（无数值矛盾、无物理上不可能的断言、无内部不自洽）。此为答案相关性/忠实度（faithfulness）不足，不属于本协议定义的科学约束违规范畴（faithfulness ≠ scientific correctness）。,independent_third_human_adjudication
BLIND-0169,natural_arxiv_current_0159,resp_1086a5f2a9af7c8e,task_3d29e054ad544aca,natural_claim,current,real_arxiv_abstract,extractive_real_arxiv,matched_and_mismatched,否,否,无违规,无违规,无违规,无违规,充分,充分,高,高,True,否,False,无违规,无违规,两位专家一致判为无科学违规,protocol_rule_resolution,False,,False,False,否,False,无违规,无违规,两位盲法专家一致判为无科学违规,reviewer_consensus
BLIND-0170,natural_arxiv_current_0108,resp_10af303045d52e60,task_1051e103a3820d87,temperature,current,real_arxiv_abstract,extractive_real_arxiv,matched_and_mismatched,是,否,来源可靠性,无违规,轻微问题,无违规,不充分,不充分,中,中,False,否,False,无违规,无违规,仅存在答案相关性或来源说明不足；按主协议不计为科学约束违规,protocol_rule_resolution,True,valid_chemical_symbols,False,False,否,False,无违规,无违规,回答为关于该领域的通用背景陈述，未报告该真实文献的具体定量结论，但陈述本身不含科学性错误（无数值矛盾、无物理上不可能的断言、无内部不自洽）。此为答案相关性/忠实度（faithfulness）不足，不属于本协议定义的科学约束违规范畴（faithfulness ≠ scientific correctness）。,independent_third_human_adjudication
BLIND-0171,natural_arxiv_noisy_0092,resp_11374dccf007ac35,task_dec46281d32f7152,superconductivity,incomplete,real_arxiv_abstract,extractive_real_arxiv,matched_and_mismatched,是,否,来源可靠性,无违规,轻微问题,无违规,不充分,不充分,中,中,False,否,False,无违规,无违规,仅存在答案相关性或来源说明不足；按主协议不计为科学约束违规,protocol_rule_resolution,False,,False,False,否,False,无违规,无违规,回答为关于该领域的通用背景陈述，未报告该真实文献的具体定量结论，但陈述本身不含科学性错误（无数值矛盾、无物理上不可能的断言、无内部不自洽）。此为答案相关性/忠实度（faithfulness）不足，不属于本协议定义的科学约束违规范畴（faithfulness ≠ scientific correctness）。,independent_third_human_adjudication
BLIND-0172,natural_arxiv_noisy_0049,resp_1240fc3baa006b5b,task_fead016b1dec5251,pressure,incomplete,real_arxiv_abstract,extractive_real_arxiv,matched_and_mismatched,是,否,来源可靠性,无违规,轻微问题,无违规,不充分,不充分,中,中,False,否,False,无违规,无违规,仅存在答案相关性或来源说明不足；按主协议不计为科学约束违规,protocol_rule_resolution,False,,False,False,否,False,无违规,无违规,回答为关于该领域的通用背景陈述，未报告该真实文献的具体定量结论，但陈述本身不含科学性错误（无数值矛盾、无物理上不可能的断言、无内部不自洽）。此为答案相关性/忠实度（faithfulness）不足，不属于本协议定义的科学约束违规范畴（faithfulness ≠ scientific correctness）。,independent_third_human_adjudication
BLIND-0173,natural_arxiv_noisy_0191,resp_1243c75136731d5e,task_125155ce1e94b1af,superconductivity,incomplete,real_arxiv_abstract,extractive_real_arxiv,matched_and_mismatched,否,否,无违规,无违规,无违规,无违规,充分,充分,高,高,True,否,False,无违规,无违规,两位专家一致判为无科学违规,protocol_rule_resolution,False,,False,False,否,False,无违规,无违规,两位盲法专家一致判为无科学违规,reviewer_consensus
BLIND-0174,natural_arxiv_noisy_0103,resp_1243d0a0760d3dd2,task_3af899626a499bd0,natural_claim,incomplete,real_arxiv_abstract,extractive_real_arxiv,matched_and_mismatched,否,否,无违规,无违规,无违规,无违规,充分,充分,高,高,True,否,False,无违规,无违规,两位专家一致判为无科学违规,protocol_rule_resolution,False,,False,False,否,False,无违规,无违规,两位盲法专家一致判为无科学违规,reviewer_consensus
BLIND-0175,natural_arxiv_noisy_0027,resp_1300c1f0af89b85f,task_47ccc4ba7c7caa54,natural_claim,incomplete,real_arxiv_abstract,extractive_real_arxiv,matched_and_mismatched,否,否,无违规,无违规,无违规,无违规,充分,充分,高,高,True,否,False,无违规,无违规,两位专家一致判为无科学违规,protocol_rule_resolution,False,,False,False,否,False,无违规,无违规,两位盲法专家一致判为无科学违规,reviewer_consensus
BLIND-0176,natural_arxiv_noisy_0177,resp_1318fefae6113d4a,task_0e9850b1e2b585a2,temperature,incomplete,real_arxiv_abstract,extractive_real_arxiv,matched_and_mismatched,是,否,来源可靠性,无违规,轻微问题,无违规,不充分,不充分,中,中,False,否,False,无违规,无违规,仅存在答案相关性或来源说明不足；按主协议不计为科学约束违规,protocol_rule_resolution,False,,False,False,否,False,无违规,无违规,回答为关于该领域的通用背景陈述，未报告该真实文献的具体定量结论，但陈述本身不含科学性错误（无数值矛盾、无物理上不可能的断言、无内部不自洽）。此为答案相关性/忠实度（faithfulness）不足，不属于本协议定义的科学约束违规范畴（faithfulness ≠ scientific correctness）。,independent_third_human_adjudication
BLIND-0177,natural_arxiv_current_0217,resp_134c9a14b1e3a35b,task_ee5ac6e94dcc3337,superconductivity,current,real_arxiv_abstract,extractive_real_arxiv,matched_and_mismatched,否,否,无违规,无违规,无违规,无违规,充分,充分,高,高,True,否,False,无违规,无违规,两位专家一致判为无科学违规,protocol_rule_resolution,True,valid_chemical_symbols,False,False,否,False,无违规,无违规,两位盲法专家一致判为无科学违规,reviewer_consensus
BLIND-0178,natural_arxiv_current_0051,resp_13d6ac3dca729ab9,task_89e0e59b3b679e43,stability,current,real_arxiv_abstract,extractive_real_arxiv,matched_and_mismatched,否,否,无违规,无违规,无违规,无违规,充分,充分,高,高,True,否,False,无违规,无违规,两位专家一致判为无科学违规,protocol_rule_resolution,True,valid_chemical_symbols,False,False,否,False,无违规,无违规,两位盲法专家一致判为无科学违规,reviewer_consensus
BLIND-0179,natural_arxiv_noisy_0084,resp_143be3cf142f823b,task_5d3a6d39b45734ca,natural_claim,incomplete,real_arxiv_abstract,extractive_real_arxiv,matched_and_mismatched,否,否,无违规,无违规,无违规,无违规,充分,充分,高,高,True,否,False,无违规,无违规,两位专家一致判为无科学违规,protocol_rule_resolution,False,,False,False,否,False,无违规,无违规,两位盲法专家一致判为无科学违规,reviewer_consensus
BLIND-0180,natural_arxiv_noisy_0189,resp_154ac686aa96236f,task_a0a4bbaf067415df,superconductivity,incomplete,real_arxiv_abstract,extractive_real_arxiv,matched_and_mismatched,否,否,无违规,无违规,无违规,无违规,充分,充分,高,高,True,否,False,无违规,无违规,两位专家一致判为无科学违规,protocol_rule_resolution,False,,False,False,否,False,无违规,无违规,两位盲法专家一致判为无科学违规,reviewer_consensus
BLIND-0181,natural_arxiv_noisy_0231,resp_157f2cdf663470dd,task_cb7b48061761eafc,natural_claim,incomplete,real_arxiv_abstract,extractive_real_arxiv,matched_and_mismatched,否,否,无违规,无违规,无违规,无违规,充分,充分,高,高,True,否,False,无违规,无违规,两位专家一致判为无科学违规,protocol_rule_resolution,False,,False,False,否,False,无违规,无违规,两位盲法专家一致判为无科学违规,reviewer_consensus
BLIND-0182,natural_arxiv_current_0095,resp_1681935da79e390f,task_8d3b645b2826e24c,band_gap,current,real_arxiv_abstract,extractive_real_arxiv,matched_and_mismatched,是,否,来源可靠性,无违规,轻微问题,无违规,不充分,不充分,中,中,False,否,False,无违规,无违规,仅存在答案相关性或来源说明不足；按主协议不计为科学约束违规,protocol_rule_resolution,True,valid_chemical_symbols,False,False,否,False,无违规,无违规,回答为关于该领域的通用背景陈述，未报告该真实文献的具体定量结论，但陈述本身不含科学性错误（无数值矛盾、无物理上不可能的断言、无内部不自洽）。此为答案相关性/忠实度（faithfulness）不足，不属于本协议定义的科学约束违规范畴（faithfulness ≠ scientific correctness）。,independent_third_human_adjudication
BLIND-0183,natural_arxiv_current_0064,resp_17831ae70748f70a,task_e9555797d7eda227,temperature,current,real_arxiv_abstract,extractive_real_arxiv,matched_and_mismatched,是,否,来源可靠性,无违规,轻微问题,无违规,不充分,不充分,中,中,False,否,False,无违规,无违规,仅存在答案相关性或来源说明不足；按主协议不计为科学约束违规,protocol_rule_resolution,False,,False,False,否,False,无违规,无违规,回答为关于该领域的通用背景陈述，未报告该真实文献的具体定量结论，但陈述本身不含科学性错误（无数值矛盾、无物理上不可能的断言、无内部不自洽）。此为答案相关性/忠实度（faithfulness）不足，不属于本协议定义的科学约束违规范畴（faithfulness ≠ scientific correctness）。,independent_third_human_adjudication
BLIND-0184,natural_arxiv_noisy_0097,resp_1a9dcb5f6223171a,task_fff8eee7c1a2aab5,superconductivity,incomplete,real_arxiv_abstract,extractive_real_arxiv,matched_and_mismatched,否,否,无违规,无违规,无违规,无违规,充分,充分,高,高,True,否,False,无违规,无违规,两位专家一致判为无科学违规,protocol_rule_resolution,True,valid_chemical_symbols,False,False,否,False,无违规,无违规,两位盲法专家一致判为无科学违规,reviewer_consensus
BLIND-0185,natural_arxiv_noisy_0089,resp_1aae472adb8fa80d,task_38534aefb9836c1c,superconductivity,incomplete,real_arxiv_abstract,extractive_real_arxiv,matched_and_mismatched,是,否,来源可靠性,无违规,轻微问题,无违规,不充分,不充分,中,中,False,否,False,无违规,无违规,仅存在答案相关性或来源说明不足；按主协议不计为科学约束违规,protocol_rule_resolution,False,,False,False,否,False,无违规,无违规,回答为关于该领域的通用背景陈述，未报告该真实文献的具体定量结论，但陈述本身不含科学性错误（无数值矛盾、无物理上不可能的断言、无内部不自洽）。此为答案相关性/忠实度（faithfulness）不足，不属于本协议定义的科学约束违规范畴（faithfulness ≠ scientific correctness）。,independent_third_human_adjudication
BLIND-0186,natural_arxiv_noisy_0122,resp_1d9574ed2a1a1a2a,task_d3b87e541cda5fa3,stability,incomplete,real_arxiv_abstract,extractive_real_arxiv,matched_and_mismatched,否,否,无违规,无违规,无违规,无违规,充分,充分,高,高,True,否,False,无违规,无违规,两位专家一致判为无科学违规,protocol_rule_resolution,False,,True,True,否,False,无违规,无违规,两位盲法专家一致判为无科学违规,reviewer_consensus
BLIND-0187,natural_arxiv_current_0103,resp_3047169dc28f8bae,task_afd9dc32ca7df018,formation_energy,current,real_arxiv_abstract,extractive_real_arxiv,matched_and_mismatched,否,否,无违规,无违规,无违规,无违规,充分,充分,高,高,True,否,False,无违规,无违规,两位专家一致判为无科学违规,protocol_rule_resolution,False,,False,False,否,False,无违规,无违规,两位盲法专家一致判为无科学违规,reviewer_consensus
BLIND-0188,natural_arxiv_noisy_0003,resp_594bf498601bc9f7,task_eaf6436141d895ea,chemical_formula,incomplete,real_arxiv_abstract,extractive_real_arxiv,matched_and_mismatched,否,否,无违规,无违规,无违规,无违规,充分,充分,高,高,True,否,False,无违规,无违规,两位专家一致判为无科学违规,protocol_rule_resolution,False,,False,False,否,False,无违规,无违规,两位盲法专家一致判为无科学违规,reviewer_consensus
BLIND-0189,supp_non_negative_absolute_temperature_v014,resp_011711f79b38f72f,task_188ce79e1e48e654,temperature,incomplete,derived_response,llm_diverse_probe,constraint_coverage,是,是,温度;结构一致性;来源可靠性,温度;结构一致性,严重错误,主要错误,不充分,不充分,高,高,True,是,True,温度;结构一致性,严重错误,两位专家一致判为科学违规,protocol_rule_resolution,True,non_negative_absolute_temperature,True,True,是,True,温度;结构一致性,严重错误,两位盲法专家一致判为科学违规,reviewer_consensus
BLIND-0190,supp_valid_chemical_symbols_v008,resp_0351425482539959,task_471e17c03f3c69cb,chemical_formula,incomplete,derived_response,llm_diverse_probe,constraint_coverage,是,是,化学式;结构一致性,化学式;结构一致性,主要错误,主要错误,不充分,不充分,高,高,True,是,True,化学式;结构一致性,主要错误,两位专家一致判为科学违规,protocol_rule_resolution,True,valid_chemical_symbols,True,True,是,True,化学式;结构一致性,主要错误,两位盲法专家一致判为科学违规,reviewer_consensus
BLIND-0191,supp_valid_chemical_symbols_v003,resp_0363b0158b7b23b9,task_e516041c9e0f54d0,chemical_formula,current,derived_response,llm_diverse_probe,constraint_coverage,是,是,化学式;结构一致性,化学式;结构一致性,主要错误,主要错误,不充分,不充分,高,高,True,是,True,化学式;结构一致性,主要错误,两位专家一致判为科学违规,protocol_rule_resolution,True,valid_chemical_symbols,True,True,是,True,化学式;结构一致性,主要错误,两位盲法专家一致判为科学违规,reviewer_consensus
BLIND-0192,supp_valid_chemical_symbols_c011,resp_04268901fa921bb6,task_c5ca2623861c15f9,chemical_formula,outdated_or_incorrect,derived_response,llm_diverse_probe,constraint_coverage,否,否,无违规,无违规,无违规,无违规,充分,充分,高,高,True,否,False,无违规,无违规,两位专家一致判为无科学违规,protocol_rule_resolution,False,,False,False,否,False,无违规,无违规,两位盲法专家一致判为无科学违规,reviewer_consensus
BLIND-0193,supp_non_negative_pressure_v007,resp_05c9d45c8c03a92f,task_c44e0c993dc52151,pressure,incomplete,derived_response,llm_diverse_probe,constraint_coverage,否,否,无违规,无违规,无违规,无违规,充分,充分,高,高,True,否,False,无违规,无违规,两位专家一致判为无科学违规,protocol_rule_resolution,False,,False,False,否,False,无违规,无违规,两位盲法专家一致判为无科学违规,reviewer_consensus
BLIND-0194,supp_cautious_superconductivity_claim_c003,resp_09b384cf9d284df0,task_cb6912f155c5a727,temperature,current,derived_response,llm_diverse_probe,constraint_coverage,是,是,超导性;结构一致性,超导性;结构一致性,严重错误,主要错误,不充分,不充分,高,高,True,是,True,结构一致性;超导性,严重错误,两位专家一致判为科学违规,protocol_rule_resolution,False,,True,True,是,True,结构一致性;超导性,严重错误,两位盲法专家一致判为科学违规,reviewer_consensus
BLIND-0195,supp_non_negative_absolute_temperature_c011,resp_13694590d80d6647,task_91f359e6e9625c42,temperature,outdated_or_incorrect,derived_response,llm_diverse_probe,constraint_coverage,否,否,无违规,无违规,无违规,无违规,充分,充分,高,高,True,否,False,无违规,无违规,两位专家一致判为无科学违规,protocol_rule_resolution,False,,False,False,否,False,无违规,无违规,两位盲法专家一致判为无科学违规,reviewer_consensus
BLIND-0196,supp_cautious_superconductivity_claim_v010,resp_1680e95ccc445988,task_a9c9855bdffe2210,superconductivity,outdated_or_incorrect,derived_response,llm_diverse_probe,constraint_coverage,是,否,超导性;来源可靠性,无违规,主要错误,无违规,不充分,不充分,中,中,False,是,True,超导性,主要错误,回答存在内部性质矛盾或在缺乏必要证据时作出确定科学断言,protocol_rule_resolution,False,,True,True,是,True,超导性;来源可靠性,主要错误,"领域事实：La2CuO4是铜氧化物高温超导母体相，本身为反铁磁绝缘体，仅在掺杂（如La2-xSrxCuO4）后才出现超导；将超导性直接归于La2CuO4为科学错误。且检索上下文仅笼统称""新超导家族""、无Tc与测量证据，回答据此作出确定超导断言，属缺乏必要证据下的确定科学断言。",independent_third_human_adjudication
BLIND-0197,supp_cautious_superconductivity_claim_v002,resp_1938e8aca858829a,task_854fc7d625ddaec7,superconductivity,current,derived_response,llm_diverse_probe,constraint_coverage,是,否,超导性;来源可靠性,无违规,主要错误,无违规,不充分,不充分,中,中,False,是,True,超导性,主要错误,回答存在内部性质矛盾或在缺乏必要证据时作出确定科学断言,protocol_rule_resolution,False,,True,True,是,True,超导性;来源可靠性,主要错误,"领域事实：MgO为岩盐结构宽带隙绝缘体，无公认超导报告。回答称""已在MgO中观察到超导性""为科学性错误/编造；上下文未提供Tc与证据，回答仍作确定断言，属超导性+来源可靠性违规。",independent_third_human_adjudication
BLIND-0198,supp_cautious_superconductivity_claim_v007,resp_2a30b6719c7570e4,task_b208396b98d0fe37,superconductivity,incomplete,derived_response,llm_diverse_probe,constraint_coverage,否,否,无违规,无违规,无违规,无违规,充分,充分,高,高,True,否,False,无违规,无违规,两位专家一致判为无科学违规,protocol_rule_resolution,True,cautious_superconductivity_claim,True,False,否,False,无违规,无违规,两位盲法专家一致判为无科学违规,reviewer_consensus
BLIND-0199,supp_non_negative_pressure_v013,resp_42efa3814ab84359,task_092747baafcb7b2a,pressure,outdated_or_incorrect,derived_response,llm_diverse_probe,constraint_coverage,是,是,压力;结构一致性,压力;结构一致性,主要错误,主要错误,不充分,不充分,高,高,True,是,True,压力;结构一致性,主要错误,两位专家一致判为科学违规,protocol_rule_resolution,True,non_negative_pressure,True,True,是,True,压力;结构一致性,主要错误,两位盲法专家一致判为科学违规,reviewer_consensus
BLIND-0200,supp_non_negative_pressure_c009,resp_a3456632ed748007,task_99c7b069258dda93,pressure,current,derived_response,llm_diverse_probe,constraint_coverage,是,否,结构一致性,无违规,轻微问题,无违规,不充分,不充分,中,中,False,否,False,无违规,无违规,回答未针对问题中的材料，但所述压力值未构成当前定义的科学约束违规,protocol_rule_resolution,False,,False,True,否,False,无违规,无违规,问题问LiCoO2，回答报告MgO在5.0 GPa被研究，属答非所问/实体替换。但所述压力值5.0 GPa本身物理有效（非负、量级合理），不触发non_negative_pressure等压力约束；实体替换为答案相关性缺陷，不在本协议定义的科学约束违规范畴内。,independent_third_human_adjudication
