sample_id,response_id,base_task_id,source_dataset,dataset_role,model,mode,constraint_family,question,answer,retrieved_context,ground_truth,document_status,user_input,retrieved_contexts,response,reference,ragas_faithfulness,ragas_answer_relevancy,ragas_context_precision,ragas_context_recall,ragas_backend,ragas_llm_model,pi_sret_constraint_score,pi_sret_violations
mp_bal_v2_0701_formation_noisy_high,resp_000e7d4b6718e189,task_aaaf9b7ac62eb833,mp_balanced_constraints_v3,mp_derived_balanced_controlled,mp_property_derived,controlled_balanced,formation_energy,What is the formation energy of U?,The formation energy of U is 5.5 eV/atom.,A controlled noisy note derived from mp-1200324 reports formation energy 5.5 eV/atom for U. This note is marked outdated_or_incorrect for stress testing.,,outdated_or_incorrect,What is the formation energy of U?,['A controlled noisy note derived from mp-1200324 reports formation energy 5.5 eV/atom for U. This note is marked outdated_or_incorrect for stress testing.'],The formation energy of U is 5.5 eV/atom.,A controlled noisy note derived from mp-1200324 reports formation energy 5.5 eV/atom for U. This note is marked outdated_or_incorrect for stress testing.,1.0,0.9999999999999992,,,ragas_qwen_plus,qwen-plus,0.0,elemental_formation_energy_reference_conflict;formation_energy_typical_range
mp_bal_v2_0642_band_gap_high,resp_00207198d958bc6f,task_ef7125754e6eb562,mp_balanced_constraints_v3,mp_derived_balanced_controlled,mp_property_derived,controlled_balanced,band_gap,What is the band gap of Eu?,The band gap of Eu is 16.5 eV.,A controlled noisy note derived from mp-20071 reports Eu with band gap 16.5 eV.,,outdated_or_incorrect,What is the band gap of Eu?,['A controlled noisy note derived from mp-20071 reports Eu with band gap 16.5 eV.'],The band gap of Eu is 16.5 eV.,A controlled noisy note derived from mp-20071 reports Eu with band gap 16.5 eV.,1.0,0.9999999999999994,,,ragas_qwen_plus,qwen-plus,0.0,band_gap_physical_range
mp_bal_v2_0154_formation_current,resp_00789662734d3b93,task_ce6e76b15e9d30b1,mp_balanced_constraints_v3,mp_derived_balanced_controlled,mp_property_derived,controlled_balanced,formation_energy,What is the formation energy of Si?,The formation energy of Si is 0.11663319999999901 eV/atom.,Materials Project reports Si (mp-999200). Band gap: 0.439799999999999 eV. Formation energy per atom: 0.11663319999999901 eV/atom. Energy above hull: 0.11663319999999901 eV/atom. Stable: False.,,current,What is the formation energy of Si?,['Materials Project reports Si (mp-999200). Band gap: 0.439799999999999 eV. Formation energy per atom: 0.11663319999999901 eV/atom. Energy above hull: 0.11663319999999901 eV/atom. Stable: False.'],The formation energy of Si is 0.11663319999999901 eV/atom.,Materials Project reports Si (mp-999200). Band gap: 0.439799999999999 eV. Formation energy per atom: 0.11663319999999901 eV/atom. Energy above hull: 0.11663319999999901 eV/atom. Stable: False.,1.0,0.9999999999999996,,,ragas_qwen_plus,qwen-plus,0.0,elemental_formation_energy_reference_conflict
mp_bal_v2_0976_band_gap_high,resp_00aa50db342b8a97,task_612048231ebc82f2,mp_balanced_constraints_v3,mp_derived_balanced_controlled,mp_property_derived,controlled_balanced,band_gap,What is the band gap of Mg4Si3?,The band gap of Mg4Si3 is 16.5 eV.,A controlled noisy note derived from mp-1074327 reports Mg4Si3 with band gap 16.5 eV.,,outdated_or_incorrect,What is the band gap of Mg4Si3?,['A controlled noisy note derived from mp-1074327 reports Mg4Si3 with band gap 16.5 eV.'],The band gap of Mg4Si3 is 16.5 eV.,A controlled noisy note derived from mp-1074327 reports Mg4Si3 with band gap 16.5 eV.,1.0,0.9999999999999996,,,ragas_qwen_plus,qwen-plus,0.0,band_gap_physical_range
mp_bal_v2_0635_band_gap_high,resp_00ac7c4ca758b0f2,task_9e95735e91e83503,mp_balanced_constraints_v3,mp_derived_balanced_controlled,mp_property_derived,controlled_balanced,band_gap,What is the band gap of Ba?,The band gap of Ba is 16.5 eV.,A controlled noisy note derived from mp-122 reports Ba with band gap 16.5 eV.,,outdated_or_incorrect,What is the band gap of Ba?,['A controlled noisy note derived from mp-122 reports Ba with band gap 16.5 eV.'],The band gap of Ba is 16.5 eV.,A controlled noisy note derived from mp-122 reports Ba with band gap 16.5 eV.,1.0,0.9999999999999992,,,ragas_qwen_plus,qwen-plus,0.0,band_gap_physical_range
mp_bal_v2_0991_band_gap_negative,resp_00d2d244b46f9bb0,task_d57d074b2c5924e4,mp_balanced_constraints_v3,mp_derived_balanced_controlled,mp_property_derived,controlled_balanced,band_gap,What is the band gap of Mg4Si3?,The band gap of Mg4Si3 is -0.05 eV.,A controlled noisy note derived from mp-1074408 reports Mg4Si3 with band gap -0.05 eV. This note is marked outdated_or_incorrect for stress testing.,,outdated_or_incorrect,What is the band gap of Mg4Si3?,['A controlled noisy note derived from mp-1074408 reports Mg4Si3 with band gap -0.05 eV. This note is marked outdated_or_incorrect for stress testing.'],The band gap of Mg4Si3 is -0.05 eV.,A controlled noisy note derived from mp-1074408 reports Mg4Si3 with band gap -0.05 eV. This note is marked outdated_or_incorrect for stress testing.,1.0,0.9999999999999996,,,ragas_qwen_plus,qwen-plus,0.0,non_negative_band_gap
mp_bal_v2_0620_formation_current,resp_00f6303a95a21cc7,task_2ad547127f803dc4,mp_balanced_constraints_v3,mp_derived_balanced_controlled,mp_property_derived,controlled_balanced,formation_energy,What is the formation energy of Mn?,The formation energy of Mn is 0.36972538551724204 eV/atom.,Materials Project reports Mn (mp-1055908). Band gap: 0.0 eV. Formation energy per atom: 0.36972538551724204 eV/atom. Energy above hull: 0.36972538551724204 eV/atom. Stable: False.,,current,What is the formation energy of Mn?,['Materials Project reports Mn (mp-1055908). Band gap: 0.0 eV. Formation energy per atom: 0.36972538551724204 eV/atom. Energy above hull: 0.36972538551724204 eV/atom. Stable: False.'],The formation energy of Mn is 0.36972538551724204 eV/atom.,Materials Project reports Mn (mp-1055908). Band gap: 0.0 eV. Formation energy per atom: 0.36972538551724204 eV/atom. Energy above hull: 0.36972538551724204 eV/atom. Stable: False.,1.0,0.9999999999999994,,,ragas_qwen_plus,qwen-plus,0.0,elemental_formation_energy_reference_conflict
mp_bal_v2_0724_formation_current,resp_00fcbc9929e747e6,task_fd655b1eeffec26d,mp_balanced_constraints_v3,mp_derived_balanced_controlled,mp_property_derived,controlled_balanced,formation_energy,What is the formation energy of H2?,The formation energy of H2 is 1.188433449375 eV/atom.,Materials Project reports H2 (mp-1181265). Band gap: 1.5177999999999991 eV. Formation energy per atom: 1.188433449375 eV/atom. Energy above hull: 1.188433449375 eV/atom. Stable: False.,,current,What is the formation energy of H2?,['Materials Project reports H2 (mp-1181265). Band gap: 1.5177999999999991 eV. Formation energy per atom: 1.188433449375 eV/atom. Energy above hull: 1.188433449375 eV/atom. Stable: False.'],The formation energy of H2 is 1.188433449375 eV/atom.,Materials Project reports H2 (mp-1181265). Band gap: 1.5177999999999991 eV. Formation energy per atom: 1.188433449375 eV/atom. Energy above hull: 1.188433449375 eV/atom. Stable: False.,1.0,0.9999999999999996,,,ragas_qwen_plus,qwen-plus,0.0,formation_energy_typical_range
mp_bal_v2_0821_formation_current,resp_0132e6f9514ee0d6,task_69115eb6e526fcbd,mp_balanced_constraints_v3,mp_derived_balanced_controlled,mp_property_derived,controlled_balanced,formation_energy,What is the formation energy of Br?,The formation energy of Br is 0.08391820500000001 eV/atom.,Materials Project reports Br (mp-998864). Band gap: 0.0 eV. Formation energy per atom: 0.08391820500000001 eV/atom. Energy above hull: 0.08391820500000001 eV/atom. Stable: False.,,current,What is the formation energy of Br?,['Materials Project reports Br (mp-998864). Band gap: 0.0 eV. Formation energy per atom: 0.08391820500000001 eV/atom. Energy above hull: 0.08391820500000001 eV/atom. Stable: False.'],The formation energy of Br is 0.08391820500000001 eV/atom.,Materials Project reports Br (mp-998864). Band gap: 0.0 eV. Formation energy per atom: 0.08391820500000001 eV/atom. Energy above hull: 0.08391820500000001 eV/atom. Stable: False.,1.0,0.9999999999999994,,,ragas_qwen_plus,qwen-plus,0.0,elemental_formation_energy_reference_conflict
mp_bal_v2_0257_formation_noisy_high,resp_014526fa7d170ed6,task_86374c90813433e1,mp_balanced_constraints_v3,mp_derived_balanced_controlled,mp_property_derived,controlled_balanced,formation_energy,What is the formation energy of Nb?,The formation energy of Nb is 5.5 eV/atom.,A controlled noisy note derived from mp-2739273 reports formation energy 5.5 eV/atom for Nb. This note is marked outdated_or_incorrect for stress testing.,,outdated_or_incorrect,What is the formation energy of Nb?,['A controlled noisy note derived from mp-2739273 reports formation energy 5.5 eV/atom for Nb. This note is marked outdated_or_incorrect for stress testing.'],The formation energy of Nb is 5.5 eV/atom.,A controlled noisy note derived from mp-2739273 reports formation energy 5.5 eV/atom for Nb. This note is marked outdated_or_incorrect for stress testing.,1.0,0.9999999999999992,,,ragas_qwen_plus,qwen-plus,0.0,elemental_formation_energy_reference_conflict;formation_energy_typical_range
mp_bal_v2_0381_band_gap_high,resp_01a879b255089ddf,task_a964c944ab381e10,mp_balanced_constraints_v3,mp_derived_balanced_controlled,mp_property_derived,controlled_balanced,band_gap,What is the band gap of La?,The band gap of La is 16.5 eV.,A controlled noisy note derived from mp-26 reports La with band gap 16.5 eV.,,outdated_or_incorrect,What is the band gap of La?,['A controlled noisy note derived from mp-26 reports La with band gap 16.5 eV.'],The band gap of La is 16.5 eV.,A controlled noisy note derived from mp-26 reports La with band gap 16.5 eV.,1.0,1.0,,,ragas_qwen_plus,qwen-plus,0.0,band_gap_physical_range
mp_bal_v2_0653_formation_current,resp_01af79feb3c5f331,task_7db108fbd3f40df6,mp_balanced_constraints_v3,mp_derived_balanced_controlled,mp_property_derived,controlled_balanced,formation_energy,What is the formation energy of Co?,The formation energy of Co is 0.08956573499999801 eV/atom.,Materials Project reports Co (mp-2647057). Band gap: 0.0 eV. Formation energy per atom: 0.08956573499999801 eV/atom. Energy above hull: 0.08956573499999801 eV/atom. Stable: False.,,current,What is the formation energy of Co?,['Materials Project reports Co (mp-2647057). Band gap: 0.0 eV. Formation energy per atom: 0.08956573499999801 eV/atom. Energy above hull: 0.08956573499999801 eV/atom. Stable: False.'],The formation energy of Co is 0.08956573499999801 eV/atom.,Materials Project reports Co (mp-2647057). Band gap: 0.0 eV. Formation energy per atom: 0.08956573499999801 eV/atom. Energy above hull: 0.08956573499999801 eV/atom. Stable: False.,1.0,1.0,,,ragas_qwen_plus,qwen-plus,0.0,elemental_formation_energy_reference_conflict
mp_bal_v2_0850_formation_noisy_high,resp_0207216ae9d47812,task_f289c01fa9134ac3,mp_balanced_constraints_v3,mp_derived_balanced_controlled,mp_property_derived,controlled_balanced,formation_energy,What is the formation energy of Mg2Si3?,The formation energy of Mg2Si3 is 5.5 eV/atom.,A controlled noisy note derived from mp-1073089 reports formation energy 5.5 eV/atom for Mg2Si3. This note is marked outdated_or_incorrect for stress testing.,,outdated_or_incorrect,What is the formation energy of Mg2Si3?,['A controlled noisy note derived from mp-1073089 reports formation energy 5.5 eV/atom for Mg2Si3. This note is marked outdated_or_incorrect for stress testing.'],The formation energy of Mg2Si3 is 5.5 eV/atom.,A controlled noisy note derived from mp-1073089 reports formation energy 5.5 eV/atom for Mg2Si3. This note is marked outdated_or_incorrect for stress testing.,1.0,0.9999999999999992,,,ragas_qwen_plus,qwen-plus,0.0,formation_energy_typical_range
mp_bal_v2_0801_formation_noisy_high,resp_02112d0db3a48856,task_08ed628fbf950e4b,mp_balanced_constraints_v3,mp_derived_balanced_controlled,mp_property_derived,controlled_balanced,formation_energy,What is the formation energy of C?,The formation energy of C is 5.5 eV/atom.,A controlled noisy note derived from mp-568363 reports formation energy 5.5 eV/atom for C. This note is marked outdated_or_incorrect for stress testing.,,outdated_or_incorrect,What is the formation energy of C?,['A controlled noisy note derived from mp-568363 reports formation energy 5.5 eV/atom for C. This note is marked outdated_or_incorrect for stress testing.'],The formation energy of C is 5.5 eV/atom.,A controlled noisy note derived from mp-568363 reports formation energy 5.5 eV/atom for C. This note is marked outdated_or_incorrect for stress testing.,1.0,0.9999999999999992,,,ragas_qwen_plus,qwen-plus,0.0,elemental_formation_energy_reference_conflict;formation_energy_typical_range
mp_bal_v2_0292_formation_current,resp_0234289563a7991e,task_f200b2872c0abb9c,mp_balanced_constraints_v3,mp_derived_balanced_controlled,mp_property_derived,controlled_balanced,formation_energy,What is the formation energy of Co?,The formation energy of Co is 0.11766239086956701 eV/atom.,Materials Project reports Co (mp-669382). Band gap: 0.0 eV. Formation energy per atom: 0.11766239086956701 eV/atom. Energy above hull: 0.11766239086956701 eV/atom. Stable: False.,,current,What is the formation energy of Co?,['Materials Project reports Co (mp-669382). Band gap: 0.0 eV. Formation energy per atom: 0.11766239086956701 eV/atom. Energy above hull: 0.11766239086956701 eV/atom. Stable: False.'],The formation energy of Co is 0.11766239086956701 eV/atom.,Materials Project reports Co (mp-669382). Band gap: 0.0 eV. Formation energy per atom: 0.11766239086956701 eV/atom. Energy above hull: 0.11766239086956701 eV/atom. Stable: False.,1.0,1.0,,,ragas_qwen_plus,qwen-plus,0.0,elemental_formation_energy_reference_conflict
mp_bal_v2_0114_formation_current,resp_0267c851ee2e91f2,task_9656e4f8a978d783,mp_balanced_constraints_v3,mp_derived_balanced_controlled,mp_property_derived,controlled_balanced,formation_energy,What is the formation energy of Br?,The formation energy of Br is 0.20109457500000003 eV/atom.,Materials Project reports Br (mp-1010048). Band gap: 0.0 eV. Formation energy per atom: 0.20109457500000003 eV/atom. Energy above hull: 0.20109457500000003 eV/atom. Stable: False.,,current,What is the formation energy of Br?,['Materials Project reports Br (mp-1010048). Band gap: 0.0 eV. Formation energy per atom: 0.20109457500000003 eV/atom. Energy above hull: 0.20109457500000003 eV/atom. Stable: False.'],The formation energy of Br is 0.20109457500000003 eV/atom.,Materials Project reports Br (mp-1010048). Band gap: 0.0 eV. Formation energy per atom: 0.20109457500000003 eV/atom. Energy above hull: 0.20109457500000003 eV/atom. Stable: False.,1.0,0.9999999999999994,,,ragas_qwen_plus,qwen-plus,0.0,elemental_formation_energy_reference_conflict
mp_bal_v2_0331_formation_noisy_high,resp_026de1a102e933be,task_0424f286c97e3ba3,mp_balanced_constraints_v3,mp_derived_balanced_controlled,mp_property_derived,controlled_balanced,formation_energy,What is the formation energy of N2?,The formation energy of N2 is 5.5 eV/atom.,A controlled noisy note derived from mp-1061298 reports formation energy 5.5 eV/atom for N2. This note is marked outdated_or_incorrect for stress testing.,,outdated_or_incorrect,What is the formation energy of N2?,['A controlled noisy note derived from mp-1061298 reports formation energy 5.5 eV/atom for N2. This note is marked outdated_or_incorrect for stress testing.'],The formation energy of N2 is 5.5 eV/atom.,A controlled noisy note derived from mp-1061298 reports formation energy 5.5 eV/atom for N2. This note is marked outdated_or_incorrect for stress testing.,1.0,0.9999999999999996,,,ragas_qwen_plus,qwen-plus,0.0,formation_energy_typical_range
mp_bal_v2_0001_band_gap_high,resp_02a36f9b7bfde6fc,task_c77e756aaac6944d,mp_balanced_constraints_v3,mp_derived_balanced_controlled,mp_property_derived,controlled_balanced,band_gap,What is the band gap of Nb?,The band gap of Nb is 16.5 eV.,A controlled noisy note derived from mp-1094120 reports Nb with band gap 16.5 eV.,,outdated_or_incorrect,What is the band gap of Nb?,['A controlled noisy note derived from mp-1094120 reports Nb with band gap 16.5 eV.'],The band gap of Nb is 16.5 eV.,A controlled noisy note derived from mp-1094120 reports Nb with band gap 16.5 eV.,1.0,0.9999999999999994,,,ragas_qwen_plus,qwen-plus,0.0,band_gap_physical_range
mp_bal_v2_0923_band_gap_negative,resp_02b6bdf8ef6646fc,task_a002c69a70ea4e69,mp_balanced_constraints_v3,mp_derived_balanced_controlled,mp_property_derived,controlled_balanced,band_gap,What is the band gap of Mg6Si5?,The band gap of Mg6Si5 is -0.05 eV.,A controlled noisy note derived from mp-1073998 reports Mg6Si5 with band gap -0.05 eV. This note is marked outdated_or_incorrect for stress testing.,,outdated_or_incorrect,What is the band gap of Mg6Si5?,['A controlled noisy note derived from mp-1073998 reports Mg6Si5 with band gap -0.05 eV. This note is marked outdated_or_incorrect for stress testing.'],The band gap of Mg6Si5 is -0.05 eV.,A controlled noisy note derived from mp-1073998 reports Mg6Si5 with band gap -0.05 eV. This note is marked outdated_or_incorrect for stress testing.,1.0,0.9999999999999992,,,ragas_qwen_plus,qwen-plus,0.0,non_negative_band_gap
mp_bal_v2_0242_band_gap_negative,resp_02be16c42f4f35b3,task_473c81c203cf681f,mp_balanced_constraints_v3,mp_derived_balanced_controlled,mp_property_derived,controlled_balanced,band_gap,What is the band gap of K?,The band gap of K is -0.05 eV.,A controlled noisy note derived from mp-1184764 reports K with band gap -0.05 eV. This note is marked outdated_or_incorrect for stress testing.,,outdated_or_incorrect,What is the band gap of K?,['A controlled noisy note derived from mp-1184764 reports K with band gap -0.05 eV. This note is marked outdated_or_incorrect for stress testing.'],The band gap of K is -0.05 eV.,A controlled noisy note derived from mp-1184764 reports K with band gap -0.05 eV. This note is marked outdated_or_incorrect for stress testing.,1.0,0.9999999999999998,,,ragas_qwen_plus,qwen-plus,0.0,non_negative_band_gap
mp_bal_v2_0119_band_gap_high,resp_02c39eee6f2fca99,task_d1375564bab56fc6,mp_balanced_constraints_v3,mp_derived_balanced_controlled,mp_property_derived,controlled_balanced,band_gap,What is the band gap of Si?,The band gap of Si is 16.5 eV.,A controlled noisy note derived from mp-1056579 reports Si with band gap 16.5 eV.,,outdated_or_incorrect,What is the band gap of Si?,['A controlled noisy note derived from mp-1056579 reports Si with band gap 16.5 eV.'],The band gap of Si is 16.5 eV.,A controlled noisy note derived from mp-1056579 reports Si with band gap 16.5 eV.,1.0,0.9999999999999992,,,ragas_qwen_plus,qwen-plus,0.0,band_gap_physical_range
mp_bal_v2_0853_formation_noisy_high,resp_02d9f4f2957499fa,task_7c567e9c1f2918e5,mp_balanced_constraints_v3,mp_derived_balanced_controlled,mp_property_derived,controlled_balanced,formation_energy,What is the formation energy of Mg2Si3?,The formation energy of Mg2Si3 is 5.5 eV/atom.,A controlled noisy note derived from mp-1073130 reports formation energy 5.5 eV/atom for Mg2Si3. This note is marked outdated_or_incorrect for stress testing.,,outdated_or_incorrect,What is the formation energy of Mg2Si3?,['A controlled noisy note derived from mp-1073130 reports formation energy 5.5 eV/atom for Mg2Si3. This note is marked outdated_or_incorrect for stress testing.'],The formation energy of Mg2Si3 is 5.5 eV/atom.,A controlled noisy note derived from mp-1073130 reports formation energy 5.5 eV/atom for Mg2Si3. This note is marked outdated_or_incorrect for stress testing.,1.0,0.9999999999999992,,,ragas_qwen_plus,qwen-plus,0.0,formation_energy_typical_range
mp_bal_v2_0173_formation_current,resp_03259d64822a48e7,task_b7fe803e5ddbd61a,mp_balanced_constraints_v3,mp_derived_balanced_controlled,mp_property_derived,controlled_balanced,formation_energy,What is the formation energy of Pb?,The formation energy of Pb is 0.11592558166666801 eV/atom.,Materials Project reports Pb (mp-1102666). Band gap: 0.0 eV. Formation energy per atom: 0.11592558166666801 eV/atom. Energy above hull: 0.11592558166666501 eV/atom. Stable: False.,,current,What is the formation energy of Pb?,['Materials Project reports Pb (mp-1102666). Band gap: 0.0 eV. Formation energy per atom: 0.11592558166666801 eV/atom. Energy above hull: 0.11592558166666501 eV/atom. Stable: False.'],The formation energy of Pb is 0.11592558166666801 eV/atom.,Materials Project reports Pb (mp-1102666). Band gap: 0.0 eV. Formation energy per atom: 0.11592558166666801 eV/atom. Energy above hull: 0.11592558166666501 eV/atom. Stable: False.,1.0,0.9999999999999996,,,ragas_qwen_plus,qwen-plus,0.0,elemental_formation_energy_reference_conflict
mp_bal_v2_0724_formation_noisy_high,resp_0386b3175359970b,task_fd655b1eeffec26d,mp_balanced_constraints_v3,mp_derived_balanced_controlled,mp_property_derived,controlled_balanced,formation_energy,What is the formation energy of H2?,The formation energy of H2 is 5.5 eV/atom.,A controlled noisy note derived from mp-1181265 reports formation energy 5.5 eV/atom for H2. This note is marked outdated_or_incorrect for stress testing.,,outdated_or_incorrect,What is the formation energy of H2?,['A controlled noisy note derived from mp-1181265 reports formation energy 5.5 eV/atom for H2. This note is marked outdated_or_incorrect for stress testing.'],The formation energy of H2 is 5.5 eV/atom.,A controlled noisy note derived from mp-1181265 reports formation energy 5.5 eV/atom for H2. This note is marked outdated_or_incorrect for stress testing.,1.0,0.9999999999999996,,,ragas_qwen_plus,qwen-plus,0.0,formation_energy_typical_range
mp_bal_v2_0721_band_gap_high,resp_03b9a672d43ca9b1,task_22e3c1c7028d7bbd,mp_balanced_constraints_v3,mp_derived_balanced_controlled,mp_property_derived,controlled_balanced,band_gap,What is the band gap of Np?,The band gap of Np is 16.5 eV.,A controlled noisy note derived from mp-11534 reports Np with band gap 16.5 eV.,,outdated_or_incorrect,What is the band gap of Np?,['A controlled noisy note derived from mp-11534 reports Np with band gap 16.5 eV.'],The band gap of Np is 16.5 eV.,A controlled noisy note derived from mp-11534 reports Np with band gap 16.5 eV.,1.0,0.9999999999999998,,,ragas_qwen_plus,qwen-plus,0.0,band_gap_physical_range
mp_bal_v2_0114_band_gap_high,resp_03e55e96e6c508a1,task_b5096bf17f8f7c2c,mp_balanced_constraints_v3,mp_derived_balanced_controlled,mp_property_derived,controlled_balanced,band_gap,What is the band gap of Br?,The band gap of Br is 16.5 eV.,A controlled noisy note derived from mp-1010048 reports Br with band gap 16.5 eV.,,outdated_or_incorrect,What is the band gap of Br?,['A controlled noisy note derived from mp-1010048 reports Br with band gap 16.5 eV.'],The band gap of Br is 16.5 eV.,A controlled noisy note derived from mp-1010048 reports Br with band gap 16.5 eV.,1.0,0.9999999999999996,,,ragas_qwen_plus,qwen-plus,0.0,band_gap_physical_range
mp_bal_v2_0990_band_gap_high,resp_04137a8aa7519766,task_5839be8809822863,mp_balanced_constraints_v3,mp_derived_balanced_controlled,mp_property_derived,controlled_balanced,band_gap,What is the band gap of Mg4Si3?,The band gap of Mg4Si3 is 16.5 eV.,A controlled noisy note derived from mp-1074404 reports Mg4Si3 with band gap 16.5 eV.,,outdated_or_incorrect,What is the band gap of Mg4Si3?,['A controlled noisy note derived from mp-1074404 reports Mg4Si3 with band gap 16.5 eV.'],The band gap of Mg4Si3 is 16.5 eV.,A controlled noisy note derived from mp-1074404 reports Mg4Si3 with band gap 16.5 eV.,1.0,0.9999999999999996,,,ragas_qwen_plus,qwen-plus,0.0,band_gap_physical_range
mp_bal_v2_0824_formation_noisy_high,resp_0450f7fd2746ffd5,task_30303a170a90bd00,mp_balanced_constraints_v3,mp_derived_balanced_controlled,mp_property_derived,controlled_balanced,formation_energy,What is the formation energy of Rb?,The formation energy of Rb is 5.5 eV/atom.,A controlled noisy note derived from mp-2204861 reports formation energy 5.5 eV/atom for Rb. This note is marked outdated_or_incorrect for stress testing.,,outdated_or_incorrect,What is the formation energy of Rb?,['A controlled noisy note derived from mp-2204861 reports formation energy 5.5 eV/atom for Rb. This note is marked outdated_or_incorrect for stress testing.'],The formation energy of Rb is 5.5 eV/atom.,A controlled noisy note derived from mp-2204861 reports formation energy 5.5 eV/atom for Rb. This note is marked outdated_or_incorrect for stress testing.,1.0,0.9999999999999998,,,ragas_qwen_plus,qwen-plus,0.0,elemental_formation_energy_reference_conflict;formation_energy_typical_range
mp_bal_v2_0722_formation_current,resp_046d94690a4eb4bb,task_cd0f81fa7106e40c,mp_balanced_constraints_v3,mp_derived_balanced_controlled,mp_property_derived,controlled_balanced,formation_energy,What is the formation energy of N2?,The formation energy of N2 is 1.08825211125 eV/atom.,Materials Project reports N2 (mp-1176403). Band gap: 0.0 eV. Formation energy per atom: 1.08825211125 eV/atom. Energy above hull: 1.08825211125 eV/atom. Stable: False.,,current,What is the formation energy of N2?,['Materials Project reports N2 (mp-1176403). Band gap: 0.0 eV. Formation energy per atom: 1.08825211125 eV/atom. Energy above hull: 1.08825211125 eV/atom. Stable: False.'],The formation energy of N2 is 1.08825211125 eV/atom.,Materials Project reports N2 (mp-1176403). Band gap: 0.0 eV. Formation energy per atom: 1.08825211125 eV/atom. Energy above hull: 1.08825211125 eV/atom. Stable: False.,1.0,0.9999999999999996,,,ragas_qwen_plus,qwen-plus,0.0,formation_energy_typical_range
mp_bal_v2_0946_band_gap_high,resp_048d6c7f335528f8,task_b98e7052df4efbfa,mp_balanced_constraints_v3,mp_derived_balanced_controlled,mp_property_derived,controlled_balanced,band_gap,What is the band gap of Mg9Si5?,The band gap of Mg9Si5 is 16.5 eV.,A controlled noisy note derived from mp-1074095 reports Mg9Si5 with band gap 16.5 eV.,,outdated_or_incorrect,What is the band gap of Mg9Si5?,['A controlled noisy note derived from mp-1074095 reports Mg9Si5 with band gap 16.5 eV.'],The band gap of Mg9Si5 is 16.5 eV.,A controlled noisy note derived from mp-1074095 reports Mg9Si5 with band gap 16.5 eV.,1.0,1.0,,,ragas_qwen_plus,qwen-plus,0.0,band_gap_physical_range
mp_bal_v2_0191_band_gap_high,resp_04ba7dd8e2e486c2,task_970c8628b0afaf83,mp_balanced_constraints_v3,mp_derived_balanced_controlled,mp_property_derived,controlled_balanced,band_gap,What is the band gap of S?,The band gap of S is 16.5 eV.,A controlled noisy note derived from mp-655141 reports S with band gap 16.5 eV.,,outdated_or_incorrect,What is the band gap of S?,['A controlled noisy note derived from mp-655141 reports S with band gap 16.5 eV.'],The band gap of S is 16.5 eV.,A controlled noisy note derived from mp-655141 reports S with band gap 16.5 eV.,1.0,0.9999999999999994,,,ragas_qwen_plus,qwen-plus,0.0,band_gap_physical_range
mp_bal_v2_0386_formation_noisy_high,resp_04c11de37eae0042,task_c748723b90da6c40,mp_balanced_constraints_v3,mp_derived_balanced_controlled,mp_property_derived,controlled_balanced,formation_energy,What is the formation energy of Mo?,The formation energy of Mo is 5.5 eV/atom.,A controlled noisy note derived from mp-2647013 reports formation energy 5.5 eV/atom for Mo. This note is marked outdated_or_incorrect for stress testing.,,outdated_or_incorrect,What is the formation energy of Mo?,['A controlled noisy note derived from mp-2647013 reports formation energy 5.5 eV/atom for Mo. This note is marked outdated_or_incorrect for stress testing.'],The formation energy of Mo is 5.5 eV/atom.,A controlled noisy note derived from mp-2647013 reports formation energy 5.5 eV/atom for Mo. This note is marked outdated_or_incorrect for stress testing.,1.0,1.0,,,ragas_qwen_plus,qwen-plus,0.0,elemental_formation_energy_reference_conflict;formation_energy_typical_range
mp_bal_v2_0826_band_gap_high,resp_04cd8327aaa4c20d,task_dba42fe7027e7d43,mp_balanced_constraints_v3,mp_derived_balanced_controlled,mp_property_derived,controlled_balanced,band_gap,What is the band gap of P?,The band gap of P is 16.5 eV.,A controlled noisy note derived from mp-7245 reports P with band gap 16.5 eV.,,outdated_or_incorrect,What is the band gap of P?,['A controlled noisy note derived from mp-7245 reports P with band gap 16.5 eV.'],The band gap of P is 16.5 eV.,A controlled noisy note derived from mp-7245 reports P with band gap 16.5 eV.,1.0,1.0,,,ragas_qwen_plus,qwen-plus,0.0,band_gap_physical_range
mp_bal_v2_0737_formation_noisy_high,resp_04d10970b9af19bd,task_883943426204930e,mp_balanced_constraints_v3,mp_derived_balanced_controlled,mp_property_derived,controlled_balanced,formation_energy,What is the formation energy of O2?,The formation energy of O2 is 5.5 eV/atom.,A controlled noisy note derived from mp-1058623 reports formation energy 5.5 eV/atom for O2. This note is marked outdated_or_incorrect for stress testing.,,outdated_or_incorrect,What is the formation energy of O2?,['A controlled noisy note derived from mp-1058623 reports formation energy 5.5 eV/atom for O2. This note is marked outdated_or_incorrect for stress testing.'],The formation energy of O2 is 5.5 eV/atom.,A controlled noisy note derived from mp-1058623 reports formation energy 5.5 eV/atom for O2. This note is marked outdated_or_incorrect for stress testing.,1.0,0.9999999999999992,,,ragas_qwen_plus,qwen-plus,0.0,formation_energy_typical_range
mp_bal_v2_0747_band_gap_high,resp_04ff0b962ef8512b,task_b582992f60508c69,mp_balanced_constraints_v3,mp_derived_balanced_controlled,mp_property_derived,controlled_balanced,band_gap,What is the band gap of Fe?,The band gap of Fe is 16.5 eV.,A controlled noisy note derived from mp-1271198 reports Fe with band gap 16.5 eV.,,outdated_or_incorrect,What is the band gap of Fe?,['A controlled noisy note derived from mp-1271198 reports Fe with band gap 16.5 eV.'],The band gap of Fe is 16.5 eV.,A controlled noisy note derived from mp-1271198 reports Fe with band gap 16.5 eV.,1.0,0.9999999999999996,,,ragas_qwen_plus,qwen-plus,0.0,band_gap_physical_range
mp_bal_v2_0913_band_gap_negative,resp_050aee5c3dd9db81,task_3cc7ce45858a0a6b,mp_balanced_constraints_v3,mp_derived_balanced_controlled,mp_property_derived,controlled_balanced,band_gap,What is the band gap of Mg6Si5?,The band gap of Mg6Si5 is -0.05 eV.,A controlled noisy note derived from mp-1073927 reports Mg6Si5 with band gap -0.05 eV. This note is marked outdated_or_incorrect for stress testing.,,outdated_or_incorrect,What is the band gap of Mg6Si5?,['A controlled noisy note derived from mp-1073927 reports Mg6Si5 with band gap -0.05 eV. This note is marked outdated_or_incorrect for stress testing.'],The band gap of Mg6Si5 is -0.05 eV.,A controlled noisy note derived from mp-1073927 reports Mg6Si5 with band gap -0.05 eV. This note is marked outdated_or_incorrect for stress testing.,1.0,0.9999999999999992,,,ragas_qwen_plus,qwen-plus,0.0,non_negative_band_gap
mp_bal_v2_0108_conductivity_gap_conflict,resp_05295965e793c4ba,task_961145aa13516691,mp_balanced_constraints_v3,mp_derived_balanced_controlled,mp_property_derived,controlled_balanced,band_gap,Is N2 metallic or insulating based on its band gap?,N2 is metallic with a band gap of 6.739 eV.,Materials Project reports N2 (mp-570747). Band gap: 6.739 eV. Formation energy per atom: 0.002401956249999 eV/atom. Energy above hull: 0.002401956249999 eV/atom. Stable: False.,,outdated_or_incorrect,Is N2 metallic or insulating based on its band gap?,['Materials Project reports N2 (mp-570747). Band gap: 6.739 eV. Formation energy per atom: 0.002401956249999 eV/atom. Energy above hull: 0.002401956249999 eV/atom. Stable: False.'],N2 is metallic with a band gap of 6.739 eV.,Materials Project reports N2 (mp-570747). Band gap: 6.739 eV. Formation energy per atom: 0.002401956249999 eV/atom. Energy above hull: 0.002401956249999 eV/atom. Stable: False.,1.0,0.7965294791524236,,,ragas_qwen_plus,qwen-plus,0.0,conductivity_band_gap_consistency
mp_bal_v2_0098_formation_noisy_high,resp_0545cdec1967bb77,task_18166055a82b3c00,mp_balanced_constraints_v3,mp_derived_balanced_controlled,mp_property_derived,controlled_balanced,formation_energy,What is the formation energy of B?,The formation energy of B is 5.5 eV/atom.,A controlled noisy note derived from mp-22046 reports formation energy 5.5 eV/atom for B. This note is marked outdated_or_incorrect for stress testing.,,outdated_or_incorrect,What is the formation energy of B?,['A controlled noisy note derived from mp-22046 reports formation energy 5.5 eV/atom for B. This note is marked outdated_or_incorrect for stress testing.'],The formation energy of B is 5.5 eV/atom.,A controlled noisy note derived from mp-22046 reports formation energy 5.5 eV/atom for B. This note is marked outdated_or_incorrect for stress testing.,1.0,0.9999999999999992,,,ragas_qwen_plus,qwen-plus,0.0,elemental_formation_energy_reference_conflict;formation_energy_typical_range
mp_bal_v2_0611_band_gap_high,resp_0555ad6c14596df2,task_7c88d67918fe384e,mp_balanced_constraints_v3,mp_derived_balanced_controlled,mp_property_derived,controlled_balanced,band_gap,What is the band gap of Cs?,The band gap of Cs is 16.5 eV.,A controlled noisy note derived from mp-1 reports Cs with band gap 16.5 eV.,,outdated_or_incorrect,What is the band gap of Cs?,['A controlled noisy note derived from mp-1 reports Cs with band gap 16.5 eV.'],The band gap of Cs is 16.5 eV.,A controlled noisy note derived from mp-1 reports Cs with band gap 16.5 eV.,1.0,0.9999999999999992,,,ragas_qwen_plus,qwen-plus,0.0,band_gap_physical_range
mp_bal_v2_0473_band_gap_high,resp_056e8b9d266837a7,task_50009e4d9374b4de,mp_balanced_constraints_v3,mp_derived_balanced_controlled,mp_property_derived,controlled_balanced,band_gap,What is the band gap of C?,The band gap of C is 16.5 eV.,A controlled noisy note derived from mp-1018088 reports C with band gap 16.5 eV.,,outdated_or_incorrect,What is the band gap of C?,['A controlled noisy note derived from mp-1018088 reports C with band gap 16.5 eV.'],The band gap of C is 16.5 eV.,A controlled noisy note derived from mp-1018088 reports C with band gap 16.5 eV.,1.0,0.9999999999999996,,,ragas_qwen_plus,qwen-plus,0.0,band_gap_physical_range
mp_bal_v2_0470_formation_noisy_high,resp_05cc972d2edf35bc,task_7d491f499e9cdf28,mp_balanced_constraints_v3,mp_derived_balanced_controlled,mp_property_derived,controlled_balanced,formation_energy,What is the formation energy of Rb?,The formation energy of Rb is 5.5 eV/atom.,A controlled noisy note derived from mp-1186853 reports formation energy 5.5 eV/atom for Rb. This note is marked outdated_or_incorrect for stress testing.,,outdated_or_incorrect,What is the formation energy of Rb?,['A controlled noisy note derived from mp-1186853 reports formation energy 5.5 eV/atom for Rb. This note is marked outdated_or_incorrect for stress testing.'],The formation energy of Rb is 5.5 eV/atom.,A controlled noisy note derived from mp-1186853 reports formation energy 5.5 eV/atom for Rb. This note is marked outdated_or_incorrect for stress testing.,1.0,0.9999999999999998,,,ragas_qwen_plus,qwen-plus,0.0,elemental_formation_energy_reference_conflict;formation_energy_typical_range
mp_bal_v2_0003_formation_current,resp_06398ee3041b08c7,task_a2087434fcdebd1a,mp_balanced_constraints_v3,mp_derived_balanced_controlled,mp_property_derived,controlled_balanced,formation_energy,What is the formation energy of Rb?,The formation energy of Rb is 0.053649282500000006 eV/atom.,Materials Project reports Rb (mp-1179802). Band gap: 0.0 eV. Formation energy per atom: 0.053649282500000006 eV/atom. Energy above hull: 0.053649282500000006 eV/atom. Stable: False.,,current,What is the formation energy of Rb?,['Materials Project reports Rb (mp-1179802). Band gap: 0.0 eV. Formation energy per atom: 0.053649282500000006 eV/atom. Energy above hull: 0.053649282500000006 eV/atom. Stable: False.'],The formation energy of Rb is 0.053649282500000006 eV/atom.,Materials Project reports Rb (mp-1179802). Band gap: 0.0 eV. Formation energy per atom: 0.053649282500000006 eV/atom. Energy above hull: 0.053649282500000006 eV/atom. Stable: False.,1.0,0.9999999999999998,,,ragas_qwen_plus,qwen-plus,0.0,elemental_formation_energy_reference_conflict
mp_bal_v2_0667_stability_incomplete,resp_06a6700fba4970ab,task_4ea8239787ed28e5,mp_balanced_constraints_v3,mp_derived_balanced_controlled,mp_property_derived,controlled_balanced,stability,Is I thermodynamically stable?,I is stable.,"A short snippet derived from mp-684663 says I is stable, but omits formation energy, hull distance, and thermodynamic qualification.",,incomplete,Is I thermodynamically stable?,"['A short snippet derived from mp-684663 says I is stable, but omits formation energy, hull distance, and thermodynamic qualification.']",I is stable.,"A short snippet derived from mp-684663 says I is stable, but omits formation energy, hull distance, and thermodynamic qualification.",1.0,0.0,,,ragas_qwen_plus,qwen-plus,0.0,cautious_stability_claim
natural_arxiv_current_0226,resp_0a650c5974f3505e,task_313c33616f21d141,natural_noisy_arxiv_v2,natural_source_linked,extractive_real_arxiv,matched_and_mismatched,superconductivity,What is the main materials-science claim reported in the source titled 'Superconductivity in Al-based high-entropy alloys TiHfNbTaAl and TaNbHfZrAl'?,"Since the first report of a high entropy alloy (HEA) superconductor in 2014, HEAs have continued to captivate the interest of superconducting researchers.","arXiv source: 2605.25048v1
Title: Superconductivity in Al-based high-entropy alloys TiHfNbTaAl and TaNbHfZrAl
Published: 2026-05-24T12:45:26Z
URL: http://arxiv.org/abs/2605.25048v1
Abstract: Since the first report of a high entropy alloy (HEA) superconductor in 2014, HEAs have continued to captivate the interest of superconducting researchers. Owing to the significant degree of disorder inherent in these systems, they serve as exemplary models for examining the properties of materials that exist in states intermediate between crystalline and amorphous structures. Here we present the superconductivity properties and crystal structure of TaNbHfZrAl and TiHfNbTaAl HEAs, which both have the VEC of 4.2 and body centered cubic (BCC) structure. Through resistivity, magnetic, and specific heat measurements, we prove that both samples are the bulk type-II superconductors with a critical temperature Tc of 5.5 K for TaNbHfZrAl and Tc of 3.2 K for TiHfNbTaAl. The Tc of HEA superconductors is influenced by the VEC and the element composition. And the incorporation of Al in high disorder HEA superconductors causes a more crystallinelike Tc dependence.",,current,What is the main materials-science claim reported in the source titled 'Superconductivity in Al-based high-entropy alloys TiHfNbTaAl and TaNbHfZrAl'?,"['arXiv source: 2605.25048v1\nTitle: Superconductivity in Al-based high-entropy alloys TiHfNbTaAl and TaNbHfZrAl\nPublished: 2026-05-24T12:45:26Z\nURL: http://arxiv.org/abs/2605.25048v1\nAbstract: Since the first report of a high entropy alloy (HEA) superconductor in 2014, HEAs have continued to captivate the interest of superconducting researchers. Owing to the significant degree of disorder inherent in these systems, they serve as exemplary models for examining the properties of materials that exist in states intermediate between crystalline and amorphous structures. Here we present the superconductivity properties and crystal structure of TaNbHfZrAl and TiHfNbTaAl HEAs, which both have the VEC of 4.2 and body centered cubic (BCC) structure. Through resistivity, magnetic, and specific heat measurements, we prove that both samples are the bulk type-II superconductors with a critical temperature Tc of 5.5 K for TaNbHfZrAl and Tc of 3.2 K for TiHfNbTaAl. The Tc of HEA superconductors is influenced by the VEC and the element composition. And the incorporation of Al in high disorder HEA superconductors causes a more crystallinelike Tc dependence.']","Since the first report of a high entropy alloy (HEA) superconductor in 2014, HEAs have continued to captivate the interest of superconducting researchers.","arXiv source: 2605.25048v1
Title: Superconductivity in Al-based high-entropy alloys TiHfNbTaAl and TaNbHfZrAl
Published: 2026-05-24T12:45:26Z
URL: http://arxiv.org/abs/2605.25048v1
Abstract: Since the first report of a high entropy alloy (HEA) superconductor in 2014, HEAs have continued to captivate the interest of superconducting researchers. Owing to the significant degree of disorder inherent in these systems, they serve as exemplary models for examining the properties of materials that exist in states intermediate between crystalline and amorphous structures. Here we present the superconductivity properties and crystal structure of TaNbHfZrAl and TiHfNbTaAl HEAs, which both have the VEC of 4.2 and body centered cubic (BCC) structure. Through resistivity, magnetic, and specific heat measurements, we prove that both samples are the bulk type-II superconductors with a critical temperature Tc of 5.5 K for TaNbHfZrAl and Tc of 3.2 K for TiHfNbTaAl. The Tc of HEA superconductors is influenced by the VEC and the element composition. And the incorporation of Al in high disorder HEA superconductors causes a more crystallinelike Tc dependence.",1.0,0.6647754148159847,,,ragas_qwen_plus,qwen-plus,0.0,valid_chemical_symbols
natural_arxiv_current_0108,resp_10af303045d52e60,task_1051e103a3820d87,natural_noisy_arxiv_v2,natural_source_linked,extractive_real_arxiv,matched_and_mismatched,temperature,What is the main materials-science claim reported in the source titled 'Machine learning via artificial neural networks coupled with density functional theory and experiments for thermodynamic optimization of high-entropy alloys for hydrogen storage at room temperature'?,"High-entropy alloys (HEAs) have received considerable attention for hydrogen storage because of their compositional flexibility; however, designing HEAs with optimal thermodynamics is critical.","arXiv source: 2606.04803v1
Title: Machine learning via artificial neural networks coupled with density functional theory and experiments for thermodynamic optimization of high-entropy alloys for hydrogen storage at room temperature
Published: 2026-06-03T12:29:14Z
URL: http://arxiv.org/abs/2606.04803v1
Abstract: High-entropy alloys (HEAs) have received considerable attention for hydrogen storage because of their compositional flexibility; however, designing HEAs with optimal thermodynamics is critical. This study employs machine learning via artificial neural networks (ANN) and density functional theory (DFT) to design a novel AB-type TixNb2-xVCrMnFe (x = 0.5-2.0) high-entropy system for hydrogen storage at ambient temperature (A: Ti, V and Nb, and B: Cr, Mn and Fe). Both ANN and DFT predict that the hydride formation enthalpy decreases to negative values with increasing the titanium content. Two alloys with x > 1.5 are predicted to achieve enthalpies within the -25 to -39 kJ/mol range, making them appropriate for room-temperature hydrogen storage. Experiments demonstrate good agreement with the enthalpy predictions, with the Ti-rich alloys showing reversible hydrogen storage with fast kinetics at room temperature. These results provide a framework for reliable use of data analysis and ab initio calculations to explore high-entropy hydrides as hydrogen storage materials.",,current,What is the main materials-science claim reported in the source titled 'Machine learning via artificial neural networks coupled with density functional theory and experiments for thermodynamic optimization of high-entropy alloys for hydrogen storage at room temperature'?,"['arXiv source: 2606.04803v1\nTitle: Machine learning via artificial neural networks coupled with density functional theory and experiments for thermodynamic optimization of high-entropy alloys for hydrogen storage at room temperature\nPublished: 2026-06-03T12:29:14Z\nURL: http://arxiv.org/abs/2606.04803v1\nAbstract: High-entropy alloys (HEAs) have received considerable attention for hydrogen storage because of their compositional flexibility; however, designing HEAs with optimal thermodynamics is critical. This study employs machine learning via artificial neural networks (ANN) and density functional theory (DFT) to design a novel AB-type TixNb2-xVCrMnFe (x = 0.5-2.0) high-entropy system for hydrogen storage at ambient temperature (A: Ti, V and Nb, and B: Cr, Mn and Fe). Both ANN and DFT predict that the hydride formation enthalpy decreases to negative values with increasing the titanium content. Two alloys with x > 1.5 are predicted to achieve enthalpies within the -25 to -39 kJ/mol range, making them appropriate for room-temperature hydrogen storage. Experiments demonstrate good agreement with the enthalpy predictions, with the Ti-rich alloys showing reversible hydrogen storage with fast kinetics at room temperature. These results provide a framework for reliable use of data analysis and ab initio calculations to explore high-entropy hydrides as hydrogen storage materials.']","High-entropy alloys (HEAs) have received considerable attention for hydrogen storage because of their compositional flexibility; however, designing HEAs with optimal thermodynamics is critical.","arXiv source: 2606.04803v1
Title: Machine learning via artificial neural networks coupled with density functional theory and experiments for thermodynamic optimization of high-entropy alloys for hydrogen storage at room temperature
Published: 2026-06-03T12:29:14Z
URL: http://arxiv.org/abs/2606.04803v1
Abstract: High-entropy alloys (HEAs) have received considerable attention for hydrogen storage because of their compositional flexibility; however, designing HEAs with optimal thermodynamics is critical. This study employs machine learning via artificial neural networks (ANN) and density functional theory (DFT) to design a novel AB-type TixNb2-xVCrMnFe (x = 0.5-2.0) high-entropy system for hydrogen storage at ambient temperature (A: Ti, V and Nb, and B: Cr, Mn and Fe). Both ANN and DFT predict that the hydride formation enthalpy decreases to negative values with increasing the titanium content. Two alloys with x > 1.5 are predicted to achieve enthalpies within the -25 to -39 kJ/mol range, making them appropriate for room-temperature hydrogen storage. Experiments demonstrate good agreement with the enthalpy predictions, with the Ti-rich alloys showing reversible hydrogen storage with fast kinetics at room temperature. These results provide a framework for reliable use of data analysis and ab initio calculations to explore high-entropy hydrides as hydrogen storage materials.",1.0,0.5738564249589051,,,ragas_qwen_plus,qwen-plus,0.0,valid_chemical_symbols
natural_arxiv_current_0217,resp_134c9a14b1e3a35b,task_ee5ac6e94dcc3337,natural_noisy_arxiv_v2,natural_source_linked,extractive_real_arxiv,matched_and_mismatched,superconductivity,What is the main materials-science claim reported in the source titled 'Impact of Stoichiometry of MoSi Thin Films for Enhanced Sensitivity of Superconducting Nanowire Single-Photon Detectors'?,We report on the impact of the stoichiometry of superconducting MoSi thin films on the performance of superconducting nanowire single-photon detectors (SNSPDs).,"arXiv source: 2605.27179v1
Title: Impact of Stoichiometry of MoSi Thin Films for Enhanced Sensitivity of Superconducting Nanowire Single-Photon Detectors
Published: 2026-05-26T15:33:54Z
URL: http://arxiv.org/abs/2605.27179v1
Abstract: We report on the impact of the stoichiometry of superconducting MoSi thin films on the performance of superconducting nanowire single-photon detectors (SNSPDs). Specifically, we investigate the relation between the film parameters critical temperature Tc , sheet resistance Rs and superconductor thickness d and observe a universal scaling behavior. To benchmark the performance of SNSPDs fabricated from films having different stoichiometry, we measure the bias dependent count rate curves, while the detector is illuminated with wavelengths between 780 nm and 1550 nm. The detector performance as a function photon energy for different nanowire widths reveals a linear relation between the detection current and the photon energy. Furthermore, we determine the interfacial thermal boundary conductance $β$ between the superconducting thin film and the substrate, by measuring the return current of the SNSPD and find an increase of $β$ with increasing Mo concentration. The highest sensitivity amongst all compared devices is achieved for Mo$_{0.53}$Si$_{0.47}$, with low Tc (4.1 K) and high Rs (397$Ω$/sq) at a film thickness of 5.4 nm.",,current,What is the main materials-science claim reported in the source titled 'Impact of Stoichiometry of MoSi Thin Films for Enhanced Sensitivity of Superconducting Nanowire Single-Photon Detectors'?,"['arXiv source: 2605.27179v1\nTitle: Impact of Stoichiometry of MoSi Thin Films for Enhanced Sensitivity of Superconducting Nanowire Single-Photon Detectors\nPublished: 2026-05-26T15:33:54Z\nURL: http://arxiv.org/abs/2605.27179v1\nAbstract: We report on the impact of the stoichiometry of superconducting MoSi thin films on the performance of superconducting nanowire single-photon detectors (SNSPDs). Specifically, we investigate the relation between the film parameters critical temperature Tc , sheet resistance Rs and superconductor thickness d and observe a universal scaling behavior. To benchmark the performance of SNSPDs fabricated from films having different stoichiometry, we measure the bias dependent count rate curves, while the detector is illuminated with wavelengths between 780 nm and 1550 nm. The detector performance as a function photon energy for different nanowire widths reveals a linear relation between the detection current and the photon energy. Furthermore, we determine the interfacial thermal boundary conductance $β$ between the superconducting thin film and the substrate, by measuring the return current of the SNSPD and find an increase of $β$ with increasing Mo concentration. The highest sensitivity amongst all compared devices is achieved for Mo$_{0.53}$Si$_{0.47}$, with low Tc (4.1 K) and high Rs (397$Ω$/sq) at a film thickness of 5.4 nm.']",We report on the impact of the stoichiometry of superconducting MoSi thin films on the performance of superconducting nanowire single-photon detectors (SNSPDs).,"arXiv source: 2605.27179v1
Title: Impact of Stoichiometry of MoSi Thin Films for Enhanced Sensitivity of Superconducting Nanowire Single-Photon Detectors
Published: 2026-05-26T15:33:54Z
URL: http://arxiv.org/abs/2605.27179v1
Abstract: We report on the impact of the stoichiometry of superconducting MoSi thin films on the performance of superconducting nanowire single-photon detectors (SNSPDs). Specifically, we investigate the relation between the film parameters critical temperature Tc , sheet resistance Rs and superconductor thickness d and observe a universal scaling behavior. To benchmark the performance of SNSPDs fabricated from films having different stoichiometry, we measure the bias dependent count rate curves, while the detector is illuminated with wavelengths between 780 nm and 1550 nm. The detector performance as a function photon energy for different nanowire widths reveals a linear relation between the detection current and the photon energy. Furthermore, we determine the interfacial thermal boundary conductance $β$ between the superconducting thin film and the substrate, by measuring the return current of the SNSPD and find an increase of $β$ with increasing Mo concentration. The highest sensitivity amongst all compared devices is achieved for Mo$_{0.53}$Si$_{0.47}$, with low Tc (4.1 K) and high Rs (397$Ω$/sq) at a film thickness of 5.4 nm.",1.0,0.8752349147200105,,,ragas_qwen_plus,qwen-plus,0.0,valid_chemical_symbols
natural_arxiv_current_0051,resp_13d6ac3dca729ab9,task_89e0e59b3b679e43,natural_noisy_arxiv_v2,natural_source_linked,extractive_real_arxiv,matched_and_mismatched,stability,What is the main materials-science claim reported in the source titled 'Carrier Localization in Pnictogen-Based Chalcohalides from Defect-Bound Hot Polarons'?,"Pnictogen-based solar absorbers have gained prominence as promising nontoxic and stable alternatives to lead-halide perovskites (LHPs), but are severely limited by carrier localization, preventing their performance from approaching those of LHPs.","arXiv source: 2605.29925v1
Title: Carrier Localization in Pnictogen-Based Chalcohalides from Defect-Bound Hot Polarons
Published: 2026-05-28T13:38:54Z
URL: http://arxiv.org/abs/2605.29925v1
Abstract: Pnictogen-based solar absorbers have gained prominence as promising nontoxic and stable alternatives to lead-halide perovskites (LHPs), but are severely limited by carrier localization, preventing their performance from approaching those of LHPs. Recent efforts have uncovered routes to overcome carrier localization, but these early efforts only considered intrinsic factors. Herein, we push beyond these limited early efforts, examining the role of defects, not only on cold carriers but also hot carriers. Focusing on the structurally one-dimensional pnictogen chalcohalide BiSBr, we find that whilst this material intrinsically does not exhibit carrier localization, vacancies introduced during synthesis or post-treatment lead to pronounced extrinsic self-trapping via the formation of defect-bound hot polarons-excited charge-carriers strongly coupled to local defect-induced vibrational modes. These above-gap defect states divert hot carriers from cooling to the band edge, thus depleting the mobile carrier population. Our findings establish the key role of defect-bound hot polarons in mediating extrinsic localization and offer new mechanistic insights into the interplay between defects, lattice coupling, and excited-state charge-carrier transport, which are critical to designing efficient perovskite-inspired solar absorbers.",,current,What is the main materials-science claim reported in the source titled 'Carrier Localization in Pnictogen-Based Chalcohalides from Defect-Bound Hot Polarons'?,"['arXiv source: 2605.29925v1\nTitle: Carrier Localization in Pnictogen-Based Chalcohalides from Defect-Bound Hot Polarons\nPublished: 2026-05-28T13:38:54Z\nURL: http://arxiv.org/abs/2605.29925v1\nAbstract: Pnictogen-based solar absorbers have gained prominence as promising nontoxic and stable alternatives to lead-halide perovskites (LHPs), but are severely limited by carrier localization, preventing their performance from approaching those of LHPs. Recent efforts have uncovered routes to overcome carrier localization, but these early efforts only considered intrinsic factors. Herein, we push beyond these limited early efforts, examining the role of defects, not only on cold carriers but also hot carriers. Focusing on the structurally one-dimensional pnictogen chalcohalide BiSBr, we find that whilst this material intrinsically does not exhibit carrier localization, vacancies introduced during synthesis or post-treatment lead to pronounced extrinsic self-trapping via the formation of defect-bound hot polarons-excited charge-carriers strongly coupled to local defect-induced vibrational modes. These above-gap defect states divert hot carriers from cooling to the band edge, thus depleting the mobile carrier population. Our findings establish the key role of defect-bound hot polarons in mediating extrinsic localization and offer new mechanistic insights into the interplay between defects, lattice coupling, and excited-state charge-carrier transport, which are critical to designing efficient perovskite-inspired solar absorbers.']","Pnictogen-based solar absorbers have gained prominence as promising nontoxic and stable alternatives to lead-halide perovskites (LHPs), but are severely limited by carrier localization, preventing their performance from approaching those of LHPs.","arXiv source: 2605.29925v1
Title: Carrier Localization in Pnictogen-Based Chalcohalides from Defect-Bound Hot Polarons
Published: 2026-05-28T13:38:54Z
URL: http://arxiv.org/abs/2605.29925v1
Abstract: Pnictogen-based solar absorbers have gained prominence as promising nontoxic and stable alternatives to lead-halide perovskites (LHPs), but are severely limited by carrier localization, preventing their performance from approaching those of LHPs. Recent efforts have uncovered routes to overcome carrier localization, but these early efforts only considered intrinsic factors. Herein, we push beyond these limited early efforts, examining the role of defects, not only on cold carriers but also hot carriers. Focusing on the structurally one-dimensional pnictogen chalcohalide BiSBr, we find that whilst this material intrinsically does not exhibit carrier localization, vacancies introduced during synthesis or post-treatment lead to pronounced extrinsic self-trapping via the formation of defect-bound hot polarons-excited charge-carriers strongly coupled to local defect-induced vibrational modes. These above-gap defect states divert hot carriers from cooling to the band edge, thus depleting the mobile carrier population. Our findings establish the key role of defect-bound hot polarons in mediating extrinsic localization and offer new mechanistic insights into the interplay between defects, lattice coupling, and excited-state charge-carrier transport, which are critical to designing efficient perovskite-inspired solar absorbers.",1.0,0.3592155521911749,,,ragas_qwen_plus,qwen-plus,0.0,valid_chemical_symbols
natural_arxiv_current_0095,resp_1681935da79e390f,task_8d3b645b2826e24c,natural_noisy_arxiv_v2,natural_source_linked,extractive_real_arxiv,matched_and_mismatched,band_gap,What is the main materials-science claim reported in the source titled 'Exploring Multi-Transition-Metal NASICON Frameworks as High-Performance Cathodes for Sodium-Ion Batteries'?,"Electronic structure data demonstrate non-systematic changes in the band gap, especially in systems containing multiple TMs.","arXiv source: 2605.25219v1
Title: Exploring Multi-Transition-Metal NASICON Frameworks as High-Performance Cathodes for Sodium-Ion Batteries
Published: 2026-05-24T19:06:08Z
URL: http://arxiv.org/abs/2605.25219v1
Abstract: The search for sustainable, high-performance cathodes has driven a growing interest in sodium superionic conductor (NASICON)-type phosphates for sodium-ion batteries (SIBs). To identify promising NASICONs containing earth-abundant transition metals (TMs) and to systematically examine the role of multiple TMs in influencing the various properties of NASICON cathodes, we employ density functional theory calculations to investigate nine NASICON compositions containing Mn, Cr, and/or Fe, and spanning unary, binary, and ternary combinations. Our calculations reveal that unary systems, in terms of their Na intercalation phase behavior, exhibit well-defined stabilization at intermediate Na contents ($x$ in Na$_x$TM$_2$(PO$_4$)$_3$), while binary and ternary systems display more complex phase behavior, with some systems showing a shift of thermodynamic minima from $x$ = 3 to 2. Intercalation voltages highlight the dominant role of Fe$^{4+}$/Fe$^{3+}$ redox activity in elevating average voltages ($\sim$4.0 V), while Mn and Cr introduce intermediate-to-low voltage redox activity. Electronic structure data demonstrate non-systematic changes in the band gap, especially in systems containing multiple TMs. Na$^+$ mobility results identify mixed-TM frameworks as favorable, achieving Na$^+$ migration barriers in the 0.3-0.4 eV range. Importantly, we identify Na$_x$MnFe$_{0.5}$Cr$_{0.5}$(PO$_4$)$_3$ to be a promising ternary composition for subsequent experimental validation, offering an optimal intersection of phase stability, voltages, thermodynamic (meta)stability, and Na$^+$ migration barriers. Together, our study provides fundamental insights into the interplay between compositional complexity, thermodynamic stability, electronic structure, and ionic transport in NASICONs, and offers actionable design principles for utilising multi-TM NASICONs as high performance SIB cathodes.",,current,What is the main materials-science claim reported in the source titled 'Exploring Multi-Transition-Metal NASICON Frameworks as High-Performance Cathodes for Sodium-Ion Batteries'?,"['arXiv source: 2605.25219v1\nTitle: Exploring Multi-Transition-Metal NASICON Frameworks as High-Performance Cathodes for Sodium-Ion Batteries\nPublished: 2026-05-24T19:06:08Z\nURL: http://arxiv.org/abs/2605.25219v1\nAbstract: The search for sustainable, high-performance cathodes has driven a growing interest in sodium superionic conductor (NASICON)-type phosphates for sodium-ion batteries (SIBs). To identify promising NASICONs containing earth-abundant transition metals (TMs) and to systematically examine the role of multiple TMs in influencing the various properties of NASICON cathodes, we employ density functional theory calculations to investigate nine NASICON compositions containing Mn, Cr, and/or Fe, and spanning unary, binary, and ternary combinations. Our calculations reveal that unary systems, in terms of their Na intercalation phase behavior, exhibit well-defined stabilization at intermediate Na contents ($x$ in Na$_x$TM$_2$(PO$_4$)$_3$), while binary and ternary systems display more complex phase behavior, with some systems showing a shift of thermodynamic minima from $x$ = 3 to 2. Intercalation voltages highlight the dominant role of Fe$^{4+}$/Fe$^{3+}$ redox activity in elevating average voltages ($\\sim$4.0 V), while Mn and Cr introduce intermediate-to-low voltage redox activity. Electronic structure data demonstrate non-systematic changes in the band gap, especially in systems containing multiple TMs. Na$^+$ mobility results identify mixed-TM frameworks as favorable, achieving Na$^+$ migration barriers in the 0.3-0.4 eV range. Importantly, we identify Na$_x$MnFe$_{0.5}$Cr$_{0.5}$(PO$_4$)$_3$ to be a promising ternary composition for subsequent experimental validation, offering an optimal intersection of phase stability, voltages, thermodynamic (meta)stability, and Na$^+$ migration barriers. Together, our study provides fundamental insights into the interplay between compositional complexity, thermodynamic stability, electronic structure, and ionic transport in NASICONs, and offers actionable design principles for utilising multi-TM NASICONs as high performance SIB cathodes.']","Electronic structure data demonstrate non-systematic changes in the band gap, especially in systems containing multiple TMs.","arXiv source: 2605.25219v1
Title: Exploring Multi-Transition-Metal NASICON Frameworks as High-Performance Cathodes for Sodium-Ion Batteries
Published: 2026-05-24T19:06:08Z
URL: http://arxiv.org/abs/2605.25219v1
Abstract: The search for sustainable, high-performance cathodes has driven a growing interest in sodium superionic conductor (NASICON)-type phosphates for sodium-ion batteries (SIBs). To identify promising NASICONs containing earth-abundant transition metals (TMs) and to systematically examine the role of multiple TMs in influencing the various properties of NASICON cathodes, we employ density functional theory calculations to investigate nine NASICON compositions containing Mn, Cr, and/or Fe, and spanning unary, binary, and ternary combinations. Our calculations reveal that unary systems, in terms of their Na intercalation phase behavior, exhibit well-defined stabilization at intermediate Na contents ($x$ in Na$_x$TM$_2$(PO$_4$)$_3$), while binary and ternary systems display more complex phase behavior, with some systems showing a shift of thermodynamic minima from $x$ = 3 to 2. Intercalation voltages highlight the dominant role of Fe$^{4+}$/Fe$^{3+}$ redox activity in elevating average voltages ($\sim$4.0 V), while Mn and Cr introduce intermediate-to-low voltage redox activity. Electronic structure data demonstrate non-systematic changes in the band gap, especially in systems containing multiple TMs. Na$^+$ mobility results identify mixed-TM frameworks as favorable, achieving Na$^+$ migration barriers in the 0.3-0.4 eV range. Importantly, we identify Na$_x$MnFe$_{0.5}$Cr$_{0.5}$(PO$_4$)$_3$ to be a promising ternary composition for subsequent experimental validation, offering an optimal intersection of phase stability, voltages, thermodynamic (meta)stability, and Na$^+$ migration barriers. Together, our study provides fundamental insights into the interplay between compositional complexity, thermodynamic stability, electronic structure, and ionic transport in NASICONs, and offers actionable design principles for utilising multi-TM NASICONs as high performance SIB cathodes.",1.0,0.3437501672305172,,,ragas_qwen_plus,qwen-plus,0.0,valid_chemical_symbols
natural_arxiv_noisy_0097,resp_1a9dcb5f6223171a,task_fff8eee7c1a2aab5,natural_noisy_arxiv_v2,natural_source_linked,extractive_real_arxiv,matched_and_mismatched,superconductivity,What is the main materials-science claim reported in the source titled 'Orbital-Engineered Altermagnetism in Two-Dimensional Square Lattices'?,"We employ terahertz Faraday magneto-optical spectroscopy to probe the relaxation dynamics of quantized helical Caroli-de Gennes-Matricon (CdGM) states in epitaxial FeTe$_{1-x}$Se$_x$ thin films, nodeless multiband superconductors with short coherence lengths in the moderately clean limit.","arXiv source: 2606.03637v1
Title: Chirality-resolved spectroscopy of Caroli-de Gennes-Matricon states in multiband FeTe$_{1-x}$Se$_{x}$ superconductors
Published: 2026-06-02T13:33:57Z
URL: http://arxiv.org/abs/2606.03637v1
Abstract: We employ terahertz Faraday magneto-optical spectroscopy to probe the relaxation dynamics of quantized helical Caroli-de Gennes-Matricon (CdGM) states in epitaxial FeTe$_{1-x}$Se$_x$ thin films, nodeless multiband superconductors with short coherence lengths in the moderately clean limit. By exploiting polarization-selective optical transitions, we directly resolve the helicity and band origin of vortex-core quasiparticles. We observe long-lived CdGM resonances with opposite circular polarizations for electron- and hole-like bands. This enables independent, band-resolved determination of quasiparticle lifetimes, vortex masses, coherence lengths, and upper critical fields, and reveals their systematic evolution with isovalent substitution. The results establish terahertz magneto-optics as a direct probe of helical vortex-core excitations and provide dynamical evidence for multiband CdGM states in iron-based superconductors.",,incomplete,What is the main materials-science claim reported in the source titled 'Orbital-Engineered Altermagnetism in Two-Dimensional Square Lattices'?,"['arXiv source: 2606.03637v1\nTitle: Chirality-resolved spectroscopy of Caroli-de Gennes-Matricon states in multiband FeTe$_{1-x}$Se$_{x}$ superconductors\nPublished: 2026-06-02T13:33:57Z\nURL: http://arxiv.org/abs/2606.03637v1\nAbstract: We employ terahertz Faraday magneto-optical spectroscopy to probe the relaxation dynamics of quantized helical Caroli-de Gennes-Matricon (CdGM) states in epitaxial FeTe$_{1-x}$Se$_x$ thin films, nodeless multiband superconductors with short coherence lengths in the moderately clean limit. By exploiting polarization-selective optical transitions, we directly resolve the helicity and band origin of vortex-core quasiparticles. We observe long-lived CdGM resonances with opposite circular polarizations for electron- and hole-like bands. This enables independent, band-resolved determination of quasiparticle lifetimes, vortex masses, coherence lengths, and upper critical fields, and reveals their systematic evolution with isovalent substitution. The results establish terahertz magneto-optics as a direct probe of helical vortex-core excitations and provide dynamical evidence for multiband CdGM states in iron-based superconductors.']","We employ terahertz Faraday magneto-optical spectroscopy to probe the relaxation dynamics of quantized helical Caroli-de Gennes-Matricon (CdGM) states in epitaxial FeTe$_{1-x}$Se$_x$ thin films, nodeless multiband superconductors with short coherence lengths in the moderately clean limit.","arXiv source: 2606.03637v1
Title: Chirality-resolved spectroscopy of Caroli-de Gennes-Matricon states in multiband FeTe$_{1-x}$Se$_{x}$ superconductors
Published: 2026-06-02T13:33:57Z
URL: http://arxiv.org/abs/2606.03637v1
Abstract: We employ terahertz Faraday magneto-optical spectroscopy to probe the relaxation dynamics of quantized helical Caroli-de Gennes-Matricon (CdGM) states in epitaxial FeTe$_{1-x}$Se$_x$ thin films, nodeless multiband superconductors with short coherence lengths in the moderately clean limit. By exploiting polarization-selective optical transitions, we directly resolve the helicity and band origin of vortex-core quasiparticles. We observe long-lived CdGM resonances with opposite circular polarizations for electron- and hole-like bands. This enables independent, band-resolved determination of quasiparticle lifetimes, vortex masses, coherence lengths, and upper critical fields, and reveals their systematic evolution with isovalent substitution. The results establish terahertz magneto-optics as a direct probe of helical vortex-core excitations and provide dynamical evidence for multiband CdGM states in iron-based superconductors.",1.0,0.3171286822637041,,,ragas_qwen_plus,qwen-plus,0.0,valid_chemical_symbols
supp_non_negative_absolute_temperature_v014,resp_011711f79b38f72f,task_188ce79e1e48e654,supplementary_constraint_coverage,supplementary_constraint_probe,llm_diverse_probe,constraint_coverage,temperature,At what temperature does InP undergo this transition?,The critical temperature of MgO is reported as -273 K.,The critical temperature of MgO is reported as -273 K.,,incomplete,At what temperature does InP undergo this transition?,['The critical temperature of MgO is reported as -273 K.'],The critical temperature of MgO is reported as -273 K.,The critical temperature of MgO is reported as -273 K.,1.0,0.5234823193791789,,,ragas_qwen_plus,qwen-plus,0.0,non_negative_absolute_temperature
supp_valid_chemical_symbols_v008,resp_0351425482539959,task_471e17c03f3c69cb,supplementary_constraint_coverage,supplementary_constraint_probe,llm_diverse_probe,constraint_coverage,chemical_formula,What compound does ZnO refer to?,The reported formula for MgO is Ab3Cd9.,The reported formula for MgO is Ab3Cd9.,,incomplete,What compound does ZnO refer to?,['The reported formula for MgO is Ab3Cd9.'],The reported formula for MgO is Ab3Cd9.,The reported formula for MgO is Ab3Cd9.,1.0,0.3248777681608277,,,ragas_qwen_plus,qwen-plus,0.0,valid_chemical_symbols
supp_valid_chemical_symbols_v003,resp_0363b0158b7b23b9,task_e516041c9e0f54d0,supplementary_constraint_coverage,supplementary_constraint_probe,llm_diverse_probe,constraint_coverage,chemical_formula,Give the formula for SiC.,The reported formula for SrTiO3 is Ab3Cd9.,The reported formula for SrTiO3 is Ab3Cd9.,,current,Give the formula for SiC.,['The reported formula for SrTiO3 is Ab3Cd9.'],The reported formula for SrTiO3 is Ab3Cd9.,The reported formula for SrTiO3 is Ab3Cd9.,1.0,0.3998331268609881,,,ragas_qwen_plus,qwen-plus,0.0,valid_chemical_symbols
supp_cautious_superconductivity_claim_v007,resp_2a30b6719c7570e4,task_b208396b98d0fe37,supplementary_constraint_coverage,supplementary_constraint_probe,llm_diverse_probe,constraint_coverage,superconductivity,Does NaCl exhibit superconductivity?,"The context explicitly states that MgO is a superconductor, with no indication that NaCl shares this behavior.",MgO is a superconductor.,,incomplete,Does NaCl exhibit superconductivity?,['MgO is a superconductor.'],"The context explicitly states that MgO is a superconductor, with no indication that NaCl shares this behavior.",MgO is a superconductor.,1.0,0.9060952294643752,,,ragas_qwen_plus,qwen-plus,0.0,cautious_superconductivity_claim
supp_non_negative_pressure_v013,resp_42efa3814ab84359,task_092747baafcb7b2a,supplementary_constraint_coverage,supplementary_constraint_probe,llm_diverse_probe,constraint_coverage,pressure,Report the synthesis pressure of GaN.,La2CuO4 was synthesized at -0.01 GPa.,La2CuO4 was synthesized at -0.01 GPa.,,outdated_or_incorrect,Report the synthesis pressure of GaN.,['La2CuO4 was synthesized at -0.01 GPa.'],La2CuO4 was synthesized at -0.01 GPa.,La2CuO4 was synthesized at -0.01 GPa.,1.0,0.4382852146133583,,,ragas_qwen_plus,qwen-plus,0.0,non_negative_pressure
