record_id,question,answer,pred_material,gold_material,pred_formula,gold_formula,pred_numeric_value,gold_numeric_value,pred_unit,gold_unit,pred_property,gold_property,pred_phase,gold_phase,pred_structure,gold_structure,pred_method,gold_method,pred_evidence,gold_evidence,pred_qualifier,gold_qualifier,annotator_comment,annotation_complete,constraint_family,document_status_raw,blind_id
resp_023d7426b05c1378,What is the formation energy of Pr?,The formation energy of Pr is 0.008044545 eV/atom.,,Pr,,Pr,0.008044545,0.008044545,eV/atom,eV/atom,formation_energy,formation_energy,,,,,,,formation energy,formation energy,,,,yes,formation_energy,current,BLIND-0092
resp_04738b10695dd165,Is Al thermodynamically stable?,Al is stable.,,Al,,Al,,,,,stability,stability,,,,,,,,,,,,yes,stability,incomplete,BLIND-0136
resp_0bac44c6afefeec8,What is the main materials-science claim reported in the source titled 'Kondo singlet from ferromagnetic coupling: an analog of Anderson-Morel superconductivity in the magnetic channel'?,Fourier's law dictates that heat flow is usually parallel to the applied temperature gradient.,,,,,,,,,temperature,temperature,,,,,,,,temperature gradient,,,,yes,temperature,incomplete,BLIND-0159
resp_05c9d45c8c03a92f,Report the synthesis pressure of La2CuO4.,"The retrieved context gives a pressure of −2.3 GPa, but that value applies to SnO2, not La2CuO4; the synthesis pressure for La2CuO4 remains unreported.",SnO2; La2CuO4,SnO2; La2CuO4,SnO2; La2CuO4,SnO2; La2CuO4,2.3,-2.3,GPa,GPa,pressure,pressure,,,,,,,,pressure; synthesis pressure,,not La2CuO4; unreported,"Reported pressure is explicitly for SnO2, not the queried La2CuO4.",yes,pressure,incomplete,BLIND-0193
resp_049e515c19216bbf,Is a pressure of -2 GPa physically valid in a standard pressure report?,A pressure of -2 GPa is not physically valid in a standard pressure report unless a stress sign convention is explicitly defined.,,,,,-2.0,-2,GPa,GPa,pressure,pressure,,,,,,,,,,not physically valid; unless a stress sign convention is explicitly defined,,yes,pressure,current,BLIND-0028
resp_143be3cf142f823b,"What is the main materials-science claim reported in the source titled 'Uncovering multi-channel magnetic hopfion annihilation via a single-node, billion-spin-scale atomistic framework'?","A strongly interacting chain of Majorana fermions realizes the supersymmetric tricritical Ising phase, with supersymmetry (SUSY) extending into a symmetry-broken ordered phase adjacent to the tricritical point.",,,,,,,,,,,,supersymmetric tricritical Ising phase; symmetry-broken ordered phase,,,,,,,,,"Physics phases, no clear material entity in answer.",yes,natural_claim,incomplete,BLIND-0179
resp_010e16a94a8d3858,Is Li thermodynamically stable?,Li has energy above hull 0.008819463333333001 eV/atom and formation energy 0.008819463333333001 eV/atom; Materials Project stable is False.,,Li,,Li,0.008819463333333,0.008819463333333001,eV/atom,eV/atom,formation_energy; stability,formation_energy; stability,,,,,,,energy above hull; formation energy,energy above hull; formation energy,,stable is False,,yes,formation_energy,current,BLIND-0063
resp_00fcbc9929e747e6,What is the formation energy of H2?,The formation energy of H2 is 1.188433449375 eV/atom.,,H2,,H2,1.188433449375,1.188433449375,eV/atom,eV/atom,formation_energy,formation_energy,,,,,,,formation energy,formation energy,,,,yes,formation_energy,current,BLIND-0061
resp_0cf5a20236608e6a,Is Xx2O3 a valid materials formula?,"No, Xx2O3 is not a valid materials formula because it does not use recognized element symbols.",Xx2O3,Xx2O3,Xx2O3,Xx2O3,,,,,,,,,,,,,,,,not a valid materials formula; not use recognized element symbols,,yes,chemical_formula,outdated_or_incorrect,BLIND-0031
resp_0263d8867645eb6a,What is the band gap of V?,The band gap of V is 0.0 eV according to Materials Project.,,V,,V,0.0,0.0,eV,eV,band_gap,band_gap,,,,,,Materials Project,,,,,,yes,band_gap,current,BLIND-0099
resp_0363b0158b7b23b9,Give the formula for SiC.,The reported formula for SrTiO3 is Ab3Cd9.,SrTiO3; Ab3Cd9,SrTiO3; Ab3Cd9,SrTiO3; Ab3Cd9,SrTiO3; Ab3Cd9,,,,,,,,,,,,,,reported formula,,,Answer reports SrTiO3/Ab3Cd9 rather than queried SiC.,yes,chemical_formula,current,BLIND-0191
resp_1086a5f2a9af7c8e,What is the main materials-science claim reported in the source titled 'Magnetic domains reconfiguration on the Fe3O4(110) surface across the Verwey transition by Spin-Polarized Low-Energy Electron Microscopy'?,We have studied the (110) surface of Fe$_3$O$_4$ single crystals by means of spin-polarized low-energy electron microscopy (SPLEEM).,,Fe$_3$O$_4$ single crystals,,Fe$_3$O$_4$,,,,,,,,(110) surface,,,,spin-polarized low-energy electron microscopy; SPLEEM,,,,,,yes,natural_claim,current,BLIND-0169
resp_0c7f595945ca99cf,Can the material be called superconducting without reporting Tc or evidence?,"No, the material cannot be called superconducting without reporting Tc or evidence. According to the retrieved context, superconductivity claims should report Tc, measured evidence, or a transition temperature.",,,,,,,,,temperature; superconductivity,temperature; superconductivity,,,,,,,measured; transition temperature,Tc; evidence; measured evidence; transition temperature,,without reporting,,yes,temperature,current,BLIND-0016
resp_0521cf4be630bab4,What is the main materials-science claim reported in the source titled 'Barrier-channel intermixing and 2-dimensional electron gas degradation in Al-rich Al(Ga)N/AlGaN high electron mobility transistor heterostructures'?,"In this work, we report on recent results in understanding and addressing the issue of interface smearing in high-aluminium content AlGaN/AlGaN heterostructures.",AlGaN,high-aluminium content AlGaN/AlGaN heterostructures,AlGaN,AlGaN,,,,,,,,,,,,,,interface smearing,,,,yes,natural_claim,current,BLIND-0152
resp_024333022c07fd30,What is the band gap of Bi?,The band gap of Bi is 0.0 eV according to Materials Project.,,Bi,,Bi,0.0,0.0,eV,eV,band_gap,band_gap,,,,,,Materials Project,,,,,,yes,band_gap,current,BLIND-0094
resp_00723b36839c8d4f,Is Pu metallic or insulating based on its band gap?,Pu is an insulator with a band gap of 0.0 eV.,,Pu,,Pu,0.0,0.0,eV,eV,band_gap; conductivity,band_gap; conductivity,,,,,,,,,,,,yes,band_gap,outdated_or_incorrect,BLIND-0041
resp_07a7490644aa2648,Can the material be called superconducting without reporting Tc or evidence?,"No, the material cannot be called superconducting without reporting Tc or evidence. According to the retrieved context, superconductivity claims should report Tc, measured evidence, or a transition temperature.",,,,,,,,,temperature; superconductivity,temperature; superconductivity,,,,,,,measured; transition temperature,Tc; evidence; measured evidence; transition temperature,,without reporting,,yes,temperature,current,BLIND-0013
resp_0afb459b5204de6d,Can an experiment be performed at -50 K?,Absolute temperature on the Kelvin scale cannot be below 0 K.,,,,,0.0,0,K,K,temperature,temperature,,,,,,,,,,cannot be below,,yes,temperature,outdated_or_incorrect,BLIND-0020
resp_04268901fa921bb6,Give the formula for NaCl.,Sodium chloride is represented chemically as NaCl.,NaCl,Sodium chloride; NaCl,NaCl,NaCl,,,,,,,,,,,,,,,,,,yes,chemical_formula,outdated_or_incorrect,BLIND-0192
resp_106d4c48a20eab49,What is the main materials-science claim reported in the source titled 'Generation of Quantum Turbulence by Neutrino Cooling in Neutron Stars'?,"Hot-exciton relaxation in semiconductor nanocrystals (NCs) is often described using perturbative theories, but their accuracy is difficult to assess for realistic exciton--phonon Hamiltonians.",NCs,semiconductor nanocrystals; NCs,NCs,,,,,,,,,,,,,perturbative theories,,Hot-exciton relaxation; exciton--phonon Hamiltonians,,,,yes,natural_claim,incomplete,BLIND-0168
resp_024ab07be8a53791,Is Rh thermodynamically stable?,Rh is stable.,,Rh,,Rh,,,,,stability,stability,,,,,,,,,,,,yes,stability,incomplete,BLIND-0095
resp_00ebdffb0d23b4ac,What is the formation energy of Ca?,The formation energy of Ca is 5.5 eV/atom.,,Ca,,Ca,5.5,5.5,eV/atom,eV/atom,formation_energy,formation_energy,,,,,,,formation energy,formation energy,,,,yes,formation_energy,outdated_or_incorrect,BLIND-0056
resp_014334995e5b562d,What is the formation energy of Mg4Si3?,The formation energy of Mg4Si3 is 0.11804604535714201 eV/atom.,Mg4Si3,Mg4Si3,Mg4Si3,Mg4Si3,0.118046045357142,0.11804604535714201,eV/atom,eV/atom,formation_energy,formation_energy,,,,,,,formation energy,formation energy,,,,yes,formation_energy,current,BLIND-0071
resp_42efa3814ab84359,Report the synthesis pressure of GaN.,La2CuO4 was synthesized at -0.01 GPa.,La2CuO4,La2CuO4,La2CuO4,La2CuO4,-0.01,-0.01,GPa,GPa,pressure,pressure,,,,,,,,synthesized,,,Answer gives La2CuO4 pressure while question asks GaN.,yes,pressure,outdated_or_incorrect,BLIND-0199
resp_2a30b6719c7570e4,Does NaCl exhibit superconductivity?,"The context explicitly states that MgO is a superconductor, with no indication that NaCl shares this behavior.",MgO; NaCl,MgO; NaCl,MgO; NaCl,MgO; NaCl,,,,,superconductivity,superconductivity,,,,,,,,,,no indication,"Superconductivity asserted for MgO, explicitly not for NaCl.",yes,superconductivity,incomplete,BLIND-0198
resp_1f409743e1de8a0e,Is Xx2O3 a valid materials formula?,"No, Xx2O3 is not a valid materials formula because it does not use recognized element symbols.",Xx2O3,Xx2O3,Xx2O3,Xx2O3,,,,,,,,,,,,,,,,not a valid materials formula; not use recognized element symbols,,yes,chemical_formula,outdated_or_incorrect,BLIND-0032
resp_080d9371a2b5d8c3,Is a pressure of -2 GPa physically valid in a standard pressure report?,Standard pressure reports should not use negative pressure unless a stress sign convention is explicitly defined.,,,,,,,,,pressure,pressure,,,,,,,,,,negative pressure; unless a stress sign convention is explicitly defined,,yes,pressure,current,BLIND-0004
resp_0fc7e6ffc6698586,Can the material be called superconducting without reporting Tc or evidence?,"Superconductivity claims should report Tc, measured evidence, or a transition temperature.",,,,,,,,,temperature; superconductivity,temperature; superconductivity,,,,,,,measured; transition temperature,Tc; measured evidence; transition temperature,,,,yes,temperature,current,BLIND-0007
resp_009ed527f0d3d450,Is Eu metallic or insulating based on its band gap?,Eu is an insulator with a band gap of 0.0 eV.,,Eu,,Eu,0.0,0.0,eV,eV,band_gap; conductivity,band_gap; conductivity,,,,,,,,,,,,yes,band_gap,outdated_or_incorrect,BLIND-0046
resp_13694590d80d6647,What temperature was InP measured at?,No temperature for InP is given in the context—only TiO₂’s transition temperature (4.2 K) is reported.,InP,InP; TiO₂,InP,InP; TiO₂,4.2,4.2,K,K,temperature,temperature,,,,,,,transition temperature,transition temperature,,No temperature for InP; only TiO₂,"Temperature value is explicitly for TiO₂, not InP.",yes,temperature,outdated_or_incorrect,BLIND-0195
resp_027f521cbef2e473,What is the main materials-science claim reported in the source titled 'Mechanochemical Nano-Writing of an Atomically Thin Metal'?,"Here we demonstrate mechanical force-enabled synthesis and nanoscale patterning to metallize a two-dimensional (2D) material, producing an atomically-thin superconducting material.",,two-dimensional (2D) material; atomically-thin superconducting material,,,,,,,superconductivity,superconductivity,,,,,,,,synthesis; nanoscale patterning,,,,yes,chemical_formula,current,BLIND-0150
resp_1240fc3baa006b5b,What is the main materials-science claim reported in the source titled 'Hysteretic Acoustic Band Structures in Shape-Memory Composite Thin Rods'?,"The nitrogen vacancy (NV) center has emerged as a powerful quantum sensor in high-pressure research, with the observation of optically detected magnetic resonance at megabar pressures.",,nitrogen vacancy (NV) center,,,,,,,pressure,pressure,,,,,,optically detected magnetic resonance,,high-pressure research; megabar pressures,,,,yes,pressure,incomplete,BLIND-0172
resp_0fa051f6f512c020,What is the main materials-science claim reported in the source titled 'Hole-doped superconductivity above 100 K in infinite-layer cuprate thin films'?,Single electron spins can be used to encode and process information in semiconductor quantum devices.,,semiconductor quantum devices,,,,,,,,,,,,,,,,,,,,yes,formation_energy,incomplete,BLIND-0167
resp_0161e2004a140640,What is the formation energy of Tb?,The formation energy of Tb is 5.5 eV/atom.,,Tb,,Tb,5.5,5.5,eV/atom,eV/atom,formation_energy,formation_energy,,,,,,,formation energy,formation energy,,,,yes,formation_energy,outdated_or_incorrect,BLIND-0075
resp_005f1bf3fc545be3,Is Ac thermodynamically stable?,Ac has energy above hull 0.0 eV/atom and formation energy 0.0 eV/atom; Materials Project stable is True.,,Ac,,Ac,0.0,0.0,eV/atom,eV/atom,formation_energy; stability,formation_energy; stability,,,,,,,energy above hull; formation energy,energy above hull; formation energy,,stable is True,,yes,formation_energy,current,BLIND-0038
resp_03c41bfa58459469,Is O2 metallic or insulating based on its band gap?,O2 is an insulator with a band gap of 0.0 eV.,,O2,,O2,0.0,0.0,eV,eV,band_gap; conductivity,band_gap; conductivity,,,,,,,,,,,,yes,band_gap,outdated_or_incorrect,BLIND-0129
resp_134c9a14b1e3a35b,What is the main materials-science claim reported in the source titled 'Impact of Stoichiometry of MoSi Thin Films for Enhanced Sensitivity of Superconducting Nanowire Single-Photon Detectors'?,We report on the impact of the stoichiometry of superconducting MoSi thin films on the performance of superconducting nanowire single-photon detectors (SNSPDs).,MoSi; SNSPDs,superconducting MoSi thin films; superconducting nanowire single-photon detectors; SNSPDs,MoSi; SNSPDs,MoSi,,,,,superconductivity,superconductivity,,,,,,,,stoichiometry; performance,,,,yes,superconductivity,current,BLIND-0177
resp_094122c8a374dfbd,"What is the main materials-science claim reported in the source titled 'Evolution of the intertwining correlated topological phases in iron-based superconductor Fe(Te,Se)'?","In this work, we report on recent results in understanding and addressing the issue of interface smearing in high-aluminium content AlGaN/AlGaN heterostructures.",AlGaN,high-aluminium content AlGaN/AlGaN heterostructures,AlGaN,AlGaN,,,,,,,,,,,,,,interface smearing,,,"Answer is unrelated to queried Fe(Te,Se) superconductivity title.",yes,superconductivity,incomplete,BLIND-0156
resp_0f58849816a9e341,What is the main materials-science claim reported in the source titled 'A Visible-Frequency Excitonic Reststrahlen Band in (PEA)$_2$PbI$_4$ Slabs'?,"Layered halide perovskites host exceptionally strong excitons, whose optical signatures are usually interpreted as absorptive resonances on a smooth dielectric background.",,Layered halide perovskites,,,,,,,,,,,,,,,,strong excitons; optical signatures,,,,yes,natural_claim,current,BLIND-0166
resp_0351425482539959,What compound does ZnO refer to?,The reported formula for MgO is Ab3Cd9.,MgO; Ab3Cd9,MgO; Ab3Cd9,MgO; Ab3Cd9,MgO; Ab3Cd9,,,,,,,,,,,,,,reported formula,,,Answer reports MgO/Ab3Cd9 rather than queried ZnO.,yes,chemical_formula,incomplete,BLIND-0190
resp_0855d31aa9a58495,Is a pressure of -2 GPa physically valid in a standard pressure report?,"The retrieved context indicates that a pressure of -2 GPa may be reported in noisy measurements, but standard pressure reports should not use negative pressure unless a stress sign convention is explicitly defined. Therefore, without such a convention, a pressure of -2 GPa is not physically valid in a standard pressure report.",,,,,-2.0,-2,GPa,GPa,pressure,pressure,,,,,,,,,noisy,noisy measurements; should not use negative pressure; unless a stress sign convention is explicitly defined; not physically valid,,yes,pressure,current,BLIND-0014
resp_1243d0a0760d3dd2,What is the main materials-science claim reported in the source titled 'Mechanoluminescence in crystalline inorganic materials: local disorder and the elastic distortion hypothesis'?,"We present a reduced dimension theoretical framework for studying quantum field theories at finite density, providing a tractable model for investigating non-Fermi liquid (NFL) behavior near quantum phase transitions.",,,,,,,,,,,,non-Fermi liquid (NFL); quantum phase transitions,,,,theoretical framework,,,,,,yes,natural_claim,incomplete,BLIND-0174
resp_02b6bdf8ef6646fc,What is the band gap of Mg6Si5?,The band gap of Mg6Si5 is -0.05 eV.,Mg6Si5,Mg6Si5,Mg6Si5,Mg6Si5,-0.05,-0.05,eV,eV,band_gap,band_gap,,,,,,,,,,,,yes,band_gap,outdated_or_incorrect,BLIND-0106
resp_04c0a8a82f9e61a0,Is Bi thermodynamically stable?,Bi is stable.,,Bi,,Bi,,,,,stability,stability,,,,,,,,,,,,yes,stability,incomplete,BLIND-0138
resp_02502b7bbc7b4b9f,What is the formation energy of U?,The formation energy of U is 0.0 eV/atom.,,U,,U,0.0,0.0,eV/atom,eV/atom,formation_energy,formation_energy,,,,,,,formation energy,formation energy,,,,yes,formation_energy,current,BLIND-0096
resp_050386ffc42b4c7f,Is Xx2O3 a valid materials formula?,No,,Xx2O3,,Xx2O3,,,,,,,,,,,,,,,,No,Terse answer resolved by question as invalid formula judgment.,yes,chemical_formula,outdated_or_incorrect,BLIND-0018
resp_014526fa7d170ed6,What is the formation energy of Nb?,The formation energy of Nb is 5.5 eV/atom.,,Nb,,Nb,5.5,5.5,eV/atom,eV/atom,formation_energy,formation_energy,,,,,,,formation energy,formation energy,,,,yes,formation_energy,outdated_or_incorrect,BLIND-0072
resp_0132e6f9514ee0d6,What is the formation energy of Br?,The formation energy of Br is 0.08391820500000001 eV/atom.,,Br,,Br,0.083918205,0.08391820500000001,eV/atom,eV/atom,formation_energy,formation_energy,,,,,,,formation energy,formation energy,,,,yes,formation_energy,current,BLIND-0066
resp_1938e8aca858829a,Does MgO exhibit superconductivity?,"Superconductivity has been observed in MgO, placing it among recently discovered superconducting material families.",MgO,MgO,MgO,MgO,,,,,superconductivity,superconductivity,,,,,,,,observed,,,,yes,superconductivity,current,BLIND-0197
resp_06e10ba4752ea1d2,Is Xx2O3 a valid materials formula?,"No, because 'Xx' is not a recognized element symbol according to the context.",,,,,,,,,,,,,,,,,,,,not a recognized element symbol,"Terse invalidity answer; formula span Xx2O3 appears only in question, not answer.",yes,chemical_formula,outdated_or_incorrect,BLIND-0012
resp_0334f8fe3da21bf0,Is Pb thermodynamically stable?,Pb has energy above hull 0.042154440000004005 eV/atom and formation energy 0.042154440000004005 eV/atom; Materials Project stable is False.,,Pb,,Pb,0.042154440000004,0.042154440000004005,eV/atom,eV/atom,formation_energy; stability,formation_energy; stability,,,,,,,energy above hull; formation energy,energy above hull; formation energy,,stable is False,,yes,formation_energy,current,BLIND-0120
resp_02749c33051e6d52,What is the band gap of Se?,The band gap of Se is -0.05 eV.,,Se,,Se,-0.05,-0.05,eV,eV,band_gap,band_gap,,,,,,,,,,,,yes,band_gap,outdated_or_incorrect,BLIND-0103
resp_0a615ba1de4a0db0,Is Xx2O3 a valid materials formula?,"No, because 'Xx' is not a recognized element symbol according to the context.",,,,,,,,,,,,,,,,,,,,not a recognized element symbol,"Terse invalidity answer; formula span Xx2O3 appears only in question, not answer.",yes,chemical_formula,outdated_or_incorrect,BLIND-0015
resp_0b2bc9135ba1ed86,What is the main materials-science claim reported in the source titled 'Nonlinear Elasticity at the Damage Threshold of Semiconductor Nanocrystals'?,The nonlinear photoacoustic response of indium phosphide nanocrystals on silicon nanotip arrays is investigated using time-resolved optical pump-probe spectroscopy and synchrotron-based X-ray diffraction.,,indium phosphide nanocrystals; silicon nanotip arrays,,,,,,,,nonlinear photoacoustic response,,,,,X-ray diffraction,time-resolved optical pump-probe spectroscopy; synchrotron-based X-ray diffraction,,,,,,yes,natural_claim,current,BLIND-0158
resp_02be16c42f4f35b3,What is the band gap of K?,The band gap of K is -0.05 eV.,,K,,K,-0.05,-0.05,eV,eV,band_gap; temperature,band_gap,,,,,,,,,,,,yes,band_gap,outdated_or_incorrect,BLIND-0107
resp_1d3aeedc4f3b348b,Can an experiment be performed at -50 K?,Absolute temperature on the Kelvin scale cannot be below 0 K.,,,,,0.0,0,K,K,temperature,temperature,,,,,,,,,,cannot be below,,yes,temperature,outdated_or_incorrect,BLIND-0008
resp_01d76012e5c3bf9a,Is Cs metallic or insulating based on its band gap?,Cs is metallic with a band gap of 1.0 eV.,,Cs,,Cs,1.0,1.0,eV,eV,band_gap; conductivity,band_gap; conductivity,,,,,,,,,,,,yes,band_gap,outdated_or_incorrect,BLIND-0082
resp_1aae472adb8fa80d,What is the main materials-science claim reported in the source titled 'Superconductivity and electronic structure evolution in the enforced semimetal Fe-doped ZrTe$_2$'?,The interplay between charge-density-wave (CDW) order and superconductivity is a central problem in condensed-matter physics because both phenomena often originate from the same electron-phonon coupling (EPC) mechanism.,,,,,,,,,superconductivity,superconductivity,,,,,,,,charge-density-wave (CDW) order; electron-phonon coupling (EPC),,,,yes,superconductivity,incomplete,BLIND-0185
resp_157f2cdf663470dd,What is the main materials-science claim reported in the source titled 'Helical Rashba-exchange gauge field drives a uniaxial pair density wave in EuRbFe$_4$As$_4$'?,We study coherent electric manipulation of magnetic-field-induced localized states at a double kink of a helical edge in a HgTe/CdHgTe quantum well.,HgTe; CdHgTe,HgTe/CdHgTe quantum well,HgTe; CdHgTe,HgTe; CdHgTe,,,,,,,,,,,,,,magnetic-field-induced localized states,,,,yes,natural_claim,incomplete,BLIND-0181
resp_0999373004314463,Can an experiment be performed at -50 K?,Absolute temperature on the Kelvin scale cannot be below 0 K.,,,,,0.0,0,K,K,temperature,temperature,,,,,,,,,,cannot be below,,yes,temperature,outdated_or_incorrect,BLIND-0005
resp_010495863986ae65,Is Mg thermodynamically stable?,Mg is stable.,,Mg,,Mg,,,,,stability,stability,,,,,,,,,,,,yes,stability,incomplete,BLIND-0062
resp_06064ea6ce1c8a2b,What is the main materials-science claim reported in the source titled 'Terahertz Electrodynamics and Kinetic Inductance of Disordered Titanium-Vanadium Alloy Thin Films'?,"Disordered superconductors represent an important area in modern condensed matter physics, where superconductivity survives even in the presence of strong electron scattering and localization effects.",,Disordered superconductors,,,,,,,superconductivity,superconductivity,,,,,,,,strong electron scattering; localization effects,,,,yes,superconductivity,current,BLIND-0153
resp_13d6ac3dca729ab9,What is the main materials-science claim reported in the source titled 'Carrier Localization in Pnictogen-Based Chalcohalides from Defect-Bound Hot Polarons'?,"Pnictogen-based solar absorbers have gained prominence as promising nontoxic and stable alternatives to lead-halide perovskites (LHPs), but are severely limited by carrier localization, preventing their performance from approaching those of LHPs.",LHPs,Pnictogen-based solar absorbers; lead-halide perovskites; LHPs,LHPs,,,,,,stability,stability,,,,,,,,stable alternatives; carrier localization,,,,yes,stability,current,BLIND-0178
resp_02dca3de50d40c37,Is a pressure of -2 GPa physically valid in a standard pressure report?,Standard pressure reports should not use negative pressure unless a stress sign convention is explicitly defined.,,,,,,,,,pressure,pressure,,,,,,,,,,negative pressure; unless a stress sign convention is explicitly defined,,yes,pressure,current,BLIND-0001
resp_032020e31d13baa8,Is MgSi thermodynamically stable?,MgSi is stable.,MgSi,MgSi,MgSi,MgSi,,,,,stability,stability,,,,,,,,,,,,yes,stability,incomplete,BLIND-0118
resp_1243c75136731d5e,"What is the main materials-science claim reported in the source titled 'Structure, Composition, and High-Field Superconductivity in Metal-Rich $\mathrmη$-Carbide-Type Compounds'?","In magnetic confinement fusion reactors, hydrogen plasma irradiation causes material saturation and recycling, where hydrogen released from the tungsten wall significantly impacts the peripheral plasma.",,hydrogen plasma; tungsten wall,,,,,,,,,,,,,,,,,,,"Answer is fusion/plasma material context, unrelated to queried superconductivity title.",yes,superconductivity,incomplete,BLIND-0173
resp_a3456632ed748007,Report the synthesis pressure of LiCoO2.,MgO was studied at 5.0 GPa.,MgO,MgO,MgO,MgO,5.0,5.0,GPa,GPa,pressure,pressure,,,,,,,,studied,,,"Pressure is for MgO, not queried LiCoO2.",yes,pressure,current,BLIND-0200
resp_1a9dcb5f6223171a,What is the main materials-science claim reported in the source titled 'Orbital-Engineered Altermagnetism in Two-Dimensional Square Lattices'?,"We employ terahertz Faraday magneto-optical spectroscopy to probe the relaxation dynamics of quantized helical Caroli-de Gennes-Matricon (CdGM) states in epitaxial FeTe$_{1-x}$Se$_x$ thin films, nodeless multiband superconductors with short coherence lengths in the moderately clean limit.",CdGM; FeTe,FeTe$_{1-x}$Se$_x$ thin films; nodeless multiband superconductors,CdGM; FeTe,FeTe$_{1-x}$Se$_x$,,,,,,,,,,,,terahertz Faraday magneto-optical spectroscopy,,CdGM states; superconductors,,,,yes,superconductivity,incomplete,BLIND-0184
resp_1680e95ccc445988,What superconducting behavior does La2CuO4 show?,La₂CuO₄ exhibits superconductivity as part of a newly identified class of superconducting materials.,,La₂CuO₄,,La₂CuO₄,,,,,superconductivity,superconductivity,,,,,,,,,,,,yes,superconductivity,outdated_or_incorrect,BLIND-0196
resp_00207198d958bc6f,What is the band gap of Eu?,The band gap of Eu is 16.5 eV.,,Eu,,Eu,16.5,16.5,eV,eV,band_gap,band_gap,,,,,,,,,,,,yes,band_gap,outdated_or_incorrect,BLIND-0035
resp_0cb2223497a3b83d,Can the material be called superconducting without reporting Tc or evidence?,"No, the material cannot be called superconducting without reporting Tc or evidence. Superconductivity claims should report Tc, measured evidence, or a transition temperature.",,,,,,,,,temperature; superconductivity,temperature; superconductivity,,,,,,,measured; transition temperature,Tc; evidence; measured evidence; transition temperature,,without reporting,,yes,temperature,current,BLIND-0030
resp_00abb9c53745cb22,Is a pressure of -2 GPa physically valid in a standard pressure report?,A pressure of -2 GPa is not physically valid in a standard pressure report unless a stress sign convention is explicitly defined.,,,,,-2.0,-2,GPa,GPa,pressure,pressure,,,,,,,,,,not physically valid; unless a stress sign convention is explicitly defined,,yes,pressure,current,BLIND-0025
resp_00b139122dff317b,Is MgSi thermodynamically stable?,MgSi is stable.,MgSi,MgSi,MgSi,MgSi,,,,,stability,stability,,,,,,,,,,,,yes,stability,incomplete,BLIND-0049
resp_009a4cfc20de9b0f,Is a pressure of -2 GPa physically valid in a standard pressure report?,"The retrieved context indicates that a pressure of -2 GPa may be reported in noisy measurements, but standard pressure reports should not use negative pressure unless a stress sign convention is explicitly defined. Therefore, without such a convention, a pressure of -2 GPa is not physically valid in a standard pressure report.",,,,,-2.0,-2,GPa,GPa,pressure,pressure,,,,,,,,,noisy,noisy measurements; should not use negative pressure; unless a stress sign convention is explicitly defined; not physically valid,,yes,pressure,current,BLIND-0009
resp_0437d9b96872ae68,Is Na thermodynamically stable?,Na is stable.,,Na,,Na,,,,,stability,stability,,,,,,,,,,,,yes,stability,incomplete,BLIND-0134
resp_0335d2836b734b14,Is Cu thermodynamically stable?,Cu is stable.,,Cu,,Cu,,,,,stability,stability,,,,,,,,,,,,yes,stability,incomplete,BLIND-0121
resp_011711f79b38f72f,At what temperature does InP undergo this transition?,The critical temperature of MgO is reported as -273 K.,MgO,MgO,MgO,MgO,-273.0,-273,K,K,temperature,temperature,,,,,,,,critical temperature,,,"Reported critical temperature is for MgO, not queried InP.",yes,temperature,incomplete,BLIND-0189
resp_0d0871867967782e,What is the main materials-science claim reported in the source titled 'Berry-Curvature Activation by Orbital Flux in a Kagome Altermagnet'?,We investigate topological electronic responses in a kagome altermagnetic metal hosting a compensated coplanar $120^\circ$ magnetic texture.,,kagome altermagnetic metal,,,,,,,conductivity,,,compensated coplanar $120^\circ$ magnetic texture,,,,,,topological electronic responses,,,,yes,natural_claim,current,BLIND-0164
resp_044b10df8863da94,Is O2 thermodynamically stable?,O2 is stable.,,O2,,O2,,,,,stability,stability,,,,,,,,,,,,yes,stability,incomplete,BLIND-0135
resp_00deb8360b74eb32,Is Si thermodynamically stable?,Si is stable.,,Si,,Si,,,,,stability,stability,,,,,,,,,,,,yes,stability,incomplete,BLIND-0055
resp_154ac686aa96236f,What is the main materials-science claim reported in the source titled 'Commensurability and Gap Enhancement in Superconducting Films Induced by Nonsuperconducting Layers'?,We report light emission from the moire superlattice of a twisted bilayer of tungsten diselenide (WSe2/WSe2) encapsulated in insulating hexagonal boron nitride (hBN).,WSe2,tungsten diselenide; WSe2/WSe2; hexagonal boron nitride; hBN,WSe2,WSe2/WSe2; hBN,,,,,conductivity,,hexagonal,hexagonal,,,,,,,,insulating,Answer is unrelated to queried superconducting films title.,yes,superconductivity,incomplete,BLIND-0180
resp_0317c744207af544,What is the band gap of C?,The band gap of C is 4.399799999999999 eV according to Materials Project.,,C,,C,4.399799999999999,4.399799999999999,eV,eV,band_gap,band_gap,,,,,,Materials Project,,,,,,yes,band_gap,current,BLIND-0117
resp_02ade0d87e9c584b,What is the main materials-science claim reported in the source titled 'Reversible Superdense Ordering of Tetragonal Lithium in a Layered Material'?,"Understanding if low-energy excitations can remain itinerant in the presence of strong disorder remains a central challenge in frustrated quantum magnets, where disorder is generally expected to localize excitations through Anderson-like mechanisms.",,,,,,,,,,,,,,,,,,low-energy excitations; strong disorder; Anderson-like mechanisms,,,,yes,natural_claim,incomplete,BLIND-0151
resp_02d9f4f2957499fa,What is the formation energy of Mg2Si3?,The formation energy of Mg2Si3 is 5.5 eV/atom.,Mg2Si3,Mg2Si3,Mg2Si3,Mg2Si3,5.5,5.5,eV/atom,eV/atom,formation_energy,formation_energy,,,,,,,formation energy,formation energy,,,,yes,formation_energy,outdated_or_incorrect,BLIND-0113
resp_012d9505a910a81a,What is the band gap of U?,The band gap of U is 0.0 eV according to Materials Project.,,U,,U,0.0,0.0,eV,eV,band_gap,band_gap,,,,,,Materials Project,,,,,,yes,band_gap,current,BLIND-0065
resp_042c8299d5161ab3,Is C thermodynamically stable?,C is stable.,,C,,C,,,,,stability,stability,,,,,,,,,,,,yes,stability,incomplete,BLIND-0133
resp_00c64e8e4da40e43,Is Pm thermodynamically stable?,Pm has energy above hull 0.016863862499999 eV/atom and formation energy 0.016863862499999 eV/atom; Materials Project stable is False.,,Pm,,Pm,0.016863862499999,0.016863862499999,eV/atom,eV/atom,formation_energy; stability,formation_energy; stability,,,,,,,energy above hull; formation energy,energy above hull; formation energy,,stable is False,,yes,formation_energy,current,BLIND-0051
resp_00ac7c4ca758b0f2,What is the band gap of Ba?,The band gap of Ba is 16.5 eV.,,Ba,,Ba,16.5,16.5,eV,eV,band_gap,band_gap,,,,,,,,,,,,yes,band_gap,outdated_or_incorrect,BLIND-0048
resp_013a5b6f64fffd39,What is the formation energy of Pu?,The formation energy of Pu is 5.5 eV/atom.,,Pu,,Pu,5.5,5.5,eV/atom,eV/atom,formation_energy,formation_energy,,,,,,,formation energy,formation energy,,,,yes,formation_energy,outdated_or_incorrect,BLIND-0069
resp_0146648feefb0191,Is Kr metallic or insulating based on its band gap?,Kr is metallic with a band gap of 7.1667 eV.,,Kr,,Kr,7.1667,7.1667,eV,eV,band_gap; conductivity,band_gap; conductivity,,,,,,,,,,,,yes,band_gap,outdated_or_incorrect,BLIND-0073
resp_034f45ae91e9af35,Is S thermodynamically stable?,S has energy above hull 0.042196687187500005 eV/atom and formation energy 0.042196687187500005 eV/atom; Materials Project stable is False.,,S,,S,0.0421966871875,0.042196687187500005,eV/atom,eV/atom,formation_energy; stability,formation_energy; stability,,,,,,,energy above hull; formation energy,energy above hull; formation energy,,stable is False,,yes,formation_energy,current,BLIND-0122
resp_09b384cf9d284df0,Is CdS a superconductor?,Fe2O3 exhibits superconductivity with a measured Tc of 33 K.,Fe2O3,Fe2O3,Fe2O3,Fe2O3,33.0,33,K,K,temperature; superconductivity,temperature; superconductivity,,,,,,,measured,measured Tc,,,"Superconductivity/Tc is for Fe2O3, not queried CdS.",yes,temperature,current,BLIND-0194
resp_0001858ac01dbee3,Is Si thermodynamically stable?,Si is stable.,,Si,,Si,,,,,stability,stability,,,,,,,,,,,,yes,stability,incomplete,BLIND-0033
resp_007f29ab4a684a79,Is S metallic or insulating based on its band gap?,S is metallic with a band gap of 2.4187 eV.,,S,,S,2.4187,2.4187,eV,eV,band_gap; conductivity,band_gap; conductivity,,,,,,,,,,,,yes,band_gap,outdated_or_incorrect,BLIND-0044
resp_02cdd1c21c3f9e36,What is the formation energy of Hg?,The formation energy of Hg is 0.011028022499999 eV/atom.,,Hg,,Hg,0.011028022499999,0.011028022499999,eV/atom,eV/atom,formation_energy,formation_energy,,,,,,,formation energy,formation energy,,,,yes,formation_energy,current,BLIND-0111
resp_11374dccf007ac35,What is the main materials-science claim reported in the source titled 'Effects of Band Symmetry on Spin-Dependent Transport in Noncollinear Antiferromagnetic Tunnel Junctions'?,"In conventional superconductors, Cooper pairs form in an even-parity spin-singlet state.",,conventional superconductors,,,,,,,,superconductivity,,,,,,,,Cooper pairs; even-parity spin-singlet state,,,,yes,superconductivity,incomplete,BLIND-0171
resp_31c6bc06631b421b,Can the material be called superconducting without reporting Tc or evidence?,"Superconductivity claims should report Tc, measured evidence, or a transition temperature.",,,,,,,,,temperature; superconductivity,temperature; superconductivity,,,,,,,measured; transition temperature,Tc; measured evidence; transition temperature,,,,yes,temperature,current,BLIND-0024
resp_594bf498601bc9f7,What is the main materials-science claim reported in the source titled 'Spin-polarization of the electric current in half-metallic Co$_2$MnSi Heusler thin films'?,"This study explores the emergence of superconductivity in high-quality ZrTe$_{2-x}$Se$_x$ crystals, grown via the isothermal chemical vapor transport (ICVT) technique.",ZrTe,ZrTe$_{2-x}$Se$_x$ crystals,ZrTe,ZrTe$_{2-x}$Se$_x$,,,,,superconductivity,superconductivity,,,,,,isothermal chemical vapor transport (ICVT),,emergence of superconductivity,,,,yes,chemical_formula,incomplete,BLIND-0188
resp_014e312a78c8864f,What is the band gap of Mg9Si5?,The band gap of Mg9Si5 is 0.0 eV according to Materials Project.,Mg9Si5,Mg9Si5,Mg9Si5,Mg9Si5,0.0,0.0,eV,eV,band_gap,band_gap,,,,,,Materials Project,,,,,,yes,band_gap,current,BLIND-0074
resp_05d16a0dbb54d998,Is S thermodynamically stable?,S is stable.,,S,,S,,,,,stability,stability,,,,,,,,,,,,yes,stability,incomplete,BLIND-0142
