record_id,question,answer,gold_material,gold_formula,gold_numeric_value,gold_unit,gold_property,gold_phase,gold_structure,gold_method,gold_evidence,gold_qualifier,annotator_comment,annotation_complete
resp_00d2d244b46f9bb0,What is the band gap of Mg4Si3?,The band gap of Mg4Si3 is -0.05 eV.,Mg4Si3,Mg4Si3,-0.05,eV,band_gap,,,,band gap,,,yes
resp_006ca06845faf507,What is the band gap of Zr?,The band gap of Zr is -0.05 eV.,Zr,Zr,-0.05,eV,band_gap,,,,band gap,,,yes
resp_00d381733ff87166,What is the band gap of MgSi?,The band gap of MgSi is 0.0 eV according to Materials Project.,MgSi,MgSi,0.0,eV,band_gap,,,Materials Project,band gap,according to Materials Project,,yes
resp_02749c33051e6d52,What is the band gap of Se?,The band gap of Se is -0.05 eV.,Se,Se,-0.05,eV,band_gap,,,,band gap,,,yes
resp_03a74e4dfc2e6f4e,Is Mg4Si7 metallic or insulating based on its band gap?,Mg4Si7 is an insulator with a band gap of 0.0 eV.,Mg4Si7,Mg4Si7,0.0,eV,conductivity; band_gap,,,,band gap,insulator,,yes
resp_01a879b255089ddf,What is the band gap of La?,The band gap of La is 16.5 eV.,La,La,16.5,eV,band_gap,,,,band gap,,,yes
resp_03c41bfa58459469,Is O2 metallic or insulating based on its band gap?,O2 is an insulator with a band gap of 0.0 eV.,O2,O2,0.0,eV,conductivity; band_gap,,,,band gap,insulator,,yes
resp_0135c76207452f1f,What is the formation energy of Ag?,The formation energy of Ag is 0.0021267149999990003 eV/atom.,Ag,Ag,0.0021267149999990003,eV/atom,formation_energy,,,,formation energy,,,yes
resp_013a5b6f64fffd39,What is the formation energy of Pu?,The formation energy of Pu is 5.5 eV/atom.,Pu,Pu,5.5,eV/atom,formation_energy,,,,formation energy,,,yes
resp_013360c15aa9fb4b,What is the formation energy of Si?,The formation energy of Si is 5.5 eV/atom.,Si,Si,5.5,eV/atom,formation_energy,,,,formation energy,,,yes
resp_000e7d4b6718e189,What is the formation energy of U?,The formation energy of U is 5.5 eV/atom.,U,U,5.5,eV/atom,formation_energy,,,,formation energy,,,yes
resp_0270f5ac75d48363,What is the formation energy of Tb?,The formation energy of Tb is 0.031530149999998 eV/atom.,Tb,Tb,0.031530149999998,eV/atom,formation_energy,,,,formation energy,,,yes
resp_0132e6f9514ee0d6,What is the formation energy of Br?,The formation energy of Br is 0.08391820500000001 eV/atom.,Br,Br,0.08391820500000001,eV/atom,formation_energy,,,,formation energy,,,yes
resp_0240428b3221a165,Is Na thermodynamically stable?,Na has energy above hull 0.006627077500000001 eV/atom and formation energy 0.006627077500000001 eV/atom; Materials Project stable is False.,Na,Na,0.006627077500000001; 0.006627077500000001,eV/atom; eV/atom,stability; formation_energy,,,Materials Project,energy above hull; formation energy; stable is False,False,,yes
resp_05d16a0dbb54d998,Is S thermodynamically stable?,S is stable.,S,S,,,stability,,,,stable,stable,,yes
resp_010495863986ae65,Is Mg thermodynamically stable?,Mg is stable.,Mg,Mg,,,stability,,,,stable,stable,,yes
resp_0001858ac01dbee3,Is Si thermodynamically stable?,Si is stable.,Si,Si,,,stability,,,,stable,stable,,yes
resp_053b3087c4dcc591,Is Cl2 thermodynamically stable?,Cl2 is stable.,Cl2,Cl2,,,stability,,,,stable,stable,,yes
resp_03172b8f871f6a6e,Is Te thermodynamically stable?,Te is stable.,Te,Te,,,stability,,,,stable,stable,,yes
resp_1d9574ed2a1a1a2a,What is the main materials-science claim reported in the source titled 'Epitaxial $\mathrm{Co_2MnSi}$ with intrinsic magnetocrystalline anisotropy as a route to bias-field-free nonlinear half-metal magnonics at the nanoscale'?,"The same critical model, which can also account for strange metal, makes experimentally testable predictions for the optical and dc shear viscosities, ${\rm Re}[η(Ω)]\sim (|Ω|^{3/2}+T^{3/2})/Ω^2$ and ${\rm Re}[η(Ω=0)]\sim T$, providing further opportunities to assess the validity of our theoretical framework.",strange metal,,3/2; 3/2; 2; 0,,viscosity,,,,experimentally testable predictions; optical and dc shear viscosities; validity of our theoretical framework,same critical model,Formula-like equations are property expressions rather than material chemical formulas.,yes
resp_01d9cbfe8f555361,Is Co thermodynamically stable?,Co is stable.,Co,Co,,,stability,,,,stable,stable,,yes
resp_050386ffc42b4c7f,Is Xx2O3 a valid materials formula?,No,,,,,validity,,,,,No,Terse answer; property resolved from question.,yes
resp_0351425482539959,What compound does ZnO refer to?,The reported formula for MgO is Ab3Cd9.,MgO,MgO; Ab3Cd9,3; 9,,formula,,,,reported formula,,Answer refers to MgO rather than ZnO in the question.,yes
resp_027f521cbef2e473,What is the main materials-science claim reported in the source titled 'Mechanochemical Nano-Writing of an Atomically Thin Metal'?,"Here we demonstrate mechanical force-enabled synthesis and nanoscale patterning to metallize a two-dimensional (2D) material, producing an atomically-thin superconducting material.",two-dimensional (2D) material; atomically-thin superconducting material,,2,,synthesis; patterning; superconductivity,,,,mechanical force-enabled synthesis; nanoscale patterning; superconducting,atomically-thin,,yes
resp_1f409743e1de8a0e,Is Xx2O3 a valid materials formula?,"No, Xx2O3 is not a valid materials formula because it does not use recognized element symbols.",Xx2O3,Xx2O3,2; 3,,validity,,,,does not use recognized element symbols,not a valid materials formula,,yes
resp_0a615ba1de4a0db0,Is Xx2O3 a valid materials formula?,"No, because 'Xx' is not a recognized element symbol according to the context.",Xx,Xx,,,validity,,,,not a recognized element symbol,No,"Xx2O3 appears only in the question, not the answer.",yes
resp_0363b0158b7b23b9,Give the formula for SiC.,The reported formula for SrTiO3 is Ab3Cd9.,SrTiO3,SrTiO3; Ab3Cd9,3; 3; 9,,formula,,,,reported formula,,Answer refers to SrTiO3 rather than SiC in the question.,yes
resp_04dca5bc52b8a2c4,Is Xx2O3 a valid materials formula?,No,,,,,validity,,,,,No,Terse answer; property resolved from question.,yes
resp_024a1fee854a603a,Can an experiment be performed at -50 K?,"No, an experiment cannot be performed at -50 K because absolute temperature on the Kelvin scale cannot be below 0 K.",,,-50; 0,K; K,temperature,,,experiment,absolute temperature on the Kelvin scale cannot be below 0 K,cannot be performed; cannot be below,,yes
resp_1318fefae6113d4a,What is the main materials-science claim reported in the source titled 'Probing pairing symmetries through quasiparticle interference in chiral Bloch bands'?,"Macroscopic quantum coherence in solids, such as in superfluids, superconductors, and condensates, is generally limited to low temperatures because order forms within a fixed excitation spectrum whose competing states become thermally populated as temperature rises.",solids; superfluids; superconductors; condensates,,,,temperature; macroscopic quantum coherence,,,,limited to low temperatures; order forms within a fixed excitation spectrum; competing states become thermally populated,generally limited,,yes
resp_062e2f0697a5bd8c,Can an experiment be performed at -50 K?,"No, an experiment cannot be performed at -50 K because absolute temperature on the Kelvin scale cannot be below 0 K.",,,-50; 0,K; K,temperature,,,experiment,absolute temperature on the Kelvin scale cannot be below 0 K,cannot be performed; cannot be below,,yes
resp_08b051d857c114aa,Can the material be called superconducting without reporting Tc or evidence?,"No, the material cannot be called superconducting without reporting Tc or evidence. Superconductivity claims should report Tc, measured evidence, or a transition temperature.",material,,,,superconductivity; temperature,,,,Tc; evidence; measured evidence; transition temperature,cannot be called superconducting without reporting Tc or evidence,,yes
resp_0cb2223497a3b83d,Can the material be called superconducting without reporting Tc or evidence?,"No, the material cannot be called superconducting without reporting Tc or evidence. Superconductivity claims should report Tc, measured evidence, or a transition temperature.",material,,,,superconductivity; temperature,,,,Tc; evidence; measured evidence; transition temperature,cannot be called superconducting without reporting Tc or evidence,,yes
resp_0afb459b5204de6d,Can an experiment be performed at -50 K?,Absolute temperature on the Kelvin scale cannot be below 0 K.,,,0,K,temperature,,,,Absolute temperature on the Kelvin scale cannot be below 0 K,cannot be below,"-50 K appears only in the question, not the answer.",yes
resp_13694590d80d6647,What temperature was InP measured at?,No temperature for InP is given in the context—only TiO₂’s transition temperature (4.2 K) is reported.,InP; TiO₂,InP; TiO₂,4.2,K,temperature,,,,No temperature for InP is given; transition temperature,No temperature for InP is given; only TiO₂’s transition temperature,Answer contrasts absent InP temperature with TiO₂ value.,yes
resp_00abb9c53745cb22,Is a pressure of -2 GPa physically valid in a standard pressure report?,A pressure of -2 GPa is not physically valid in a standard pressure report unless a stress sign convention is explicitly defined.,,,-2,GPa,pressure,,,,pressure,not physically valid; unless a stress sign convention is explicitly defined,,yes
resp_24e4b834411c5b77,Is a pressure of -2 GPa physically valid in a standard pressure report?,Standard pressure reports should not use negative pressure unless a stress sign convention is explicitly defined.,,,,,pressure,,,,Standard pressure reports; negative pressure; stress sign convention,should not use; unless a stress sign convention is explicitly defined,"-2 GPa appears only in the question, not the answer.",yes
resp_080d9371a2b5d8c3,Is a pressure of -2 GPa physically valid in a standard pressure report?,Standard pressure reports should not use negative pressure unless a stress sign convention is explicitly defined.,,,,,pressure,,,,Standard pressure reports; negative pressure; stress sign convention,should not use; unless a stress sign convention is explicitly defined,"-2 GPa appears only in the question, not the answer.",yes
resp_42efa3814ab84359,Report the synthesis pressure of GaN.,La2CuO4 was synthesized at -0.01 GPa.,La2CuO4,La2CuO4,2; 4; -0.01,GPa,synthesis_pressure,,,synthesized,synthesized,,Answer reports La2CuO4 rather than GaN in the question.,yes
resp_049e515c19216bbf,Is a pressure of -2 GPa physically valid in a standard pressure report?,A pressure of -2 GPa is not physically valid in a standard pressure report unless a stress sign convention is explicitly defined.,,,-2,GPa,pressure,,,,pressure,not physically valid; unless a stress sign convention is explicitly defined,,yes
resp_1240fc3baa006b5b,What is the main materials-science claim reported in the source titled 'Hysteretic Acoustic Band Structures in Shape-Memory Composite Thin Rods'?,"The nitrogen vacancy (NV) center has emerged as a powerful quantum sensor in high-pressure research, with the observation of optically detected magnetic resonance at megabar pressures.",nitrogen vacancy (NV) center,,,,quantum sensing; pressure,,,optically detected magnetic resonance,observation of optically detected magnetic resonance at megabar pressures,high-pressure; megabar pressures,,yes
resp_0855d31aa9a58495,Is a pressure of -2 GPa physically valid in a standard pressure report?,"The retrieved context indicates that a pressure of -2 GPa may be reported in noisy measurements, but standard pressure reports should not use negative pressure unless a stress sign convention is explicitly defined. Therefore, without such a convention, a pressure of -2 GPa is not physically valid in a standard pressure report.",,,-2; -2,GPa; GPa,pressure,,,,retrieved context; noisy measurements; standard pressure reports; stress sign convention,may be reported in noisy measurements; should not use negative pressure; without such a convention; not physically valid,,yes
resp_2a30b6719c7570e4,Does NaCl exhibit superconductivity?,"The context explicitly states that MgO is a superconductor, with no indication that NaCl shares this behavior.",MgO; NaCl,MgO; NaCl,,,superconductivity,,,,context explicitly states; superconductor; no indication,no indication that NaCl shares this behavior,Answer asserts MgO superconductivity and denies evidence for NaCl.,yes
resp_1938e8aca858829a,Does MgO exhibit superconductivity?,"Superconductivity has been observed in MgO, placing it among recently discovered superconducting material families.",MgO; superconducting material families,MgO,,,superconductivity,,,,Superconductivity has been observed,recently discovered,,yes
resp_094122c8a374dfbd,"What is the main materials-science claim reported in the source titled 'Evolution of the intertwining correlated topological phases in iron-based superconductor Fe(Te,Se)'?","In this work, we report on recent results in understanding and addressing the issue of interface smearing in high-aluminium content AlGaN/AlGaN heterostructures.",AlGaN/AlGaN heterostructures,AlGaN; AlGaN,,,interface smearing,,heterostructures,,report on recent results,high-aluminium content,,yes
resp_11374dccf007ac35,What is the main materials-science claim reported in the source titled 'Effects of Band Symmetry on Spin-Dependent Transport in Noncollinear Antiferromagnetic Tunnel Junctions'?,"In conventional superconductors, Cooper pairs form in an even-parity spin-singlet state.",conventional superconductors; Cooper pairs,,,,superconductivity,even-parity spin-singlet state,,,Cooper pairs form,conventional,,yes
resp_154ac686aa96236f,What is the main materials-science claim reported in the source titled 'Commensurability and Gap Enhancement in Superconducting Films Induced by Nonsuperconducting Layers'?,We report light emission from the moire superlattice of a twisted bilayer of tungsten diselenide (WSe2/WSe2) encapsulated in insulating hexagonal boron nitride (hBN).,twisted bilayer of tungsten diselenide; WSe2/WSe2; hexagonal boron nitride; hBN,WSe2/WSe2; hBN,2; 2,,light emission,hexagonal,moire superlattice; twisted bilayer,,We report light emission,encapsulated in insulating hexagonal boron nitride,,yes
resp_0c1ec2462e232ca9,What is the main materials-science claim reported in the source titled 'Ni-O hybridization-driven electronic reconstruction across the superconducting dome in an infinite-layer nickelate'?,"Superconductivity in infinite-layer nickelates has drawn wide interest as a cuprate analogue, yet how the electronic structure evolves with hole doping remains unsettled.",infinite-layer nickelates; cuprate analogue,,,,superconductivity; electronic structure; hole doping,infinite-layer,,,Superconductivity in infinite-layer nickelates has drawn wide interest,remains unsettled,,yes
resp_1243c75136731d5e,"What is the main materials-science claim reported in the source titled 'Structure, Composition, and High-Field Superconductivity in Metal-Rich $\mathrmη$-Carbide-Type Compounds'?","In magnetic confinement fusion reactors, hydrogen plasma irradiation causes material saturation and recycling, where hydrogen released from the tungsten wall significantly impacts the peripheral plasma.",hydrogen plasma; tungsten wall; peripheral plasma,,,,material saturation; recycling,,,,hydrogen plasma irradiation causes material saturation and recycling; hydrogen released from the tungsten wall,magnetic confinement fusion reactors,,yes
resp_023821568da737de,What is the main materials-science claim reported in the source titled 'Suppression of p-Wave Altermagnetism by Localized 4f Electrons in CeNiAsO'?,"Altermagnetism, characterized by momentum-dependent spin splitting and zero net magnetization, has so far been explored mainly in weakly or moderately correlated d-electron systems.",d-electron systems,,4,,altermagnetism; spin splitting; magnetization,,,,momentum-dependent spin splitting; zero net magnetization,weakly or moderately correlated,,yes
