response_id,sample_id_plus,qwen_plus_violation,qwen_plus_score,qwen_plus_rationale,auto_constraint_score,auto_constraint_violations,sample_id_max,qwen_max_violation,qwen_max_score,qwen_max_rationale,auto_constraint_score_max,auto_constraint_violations_max,sample_id,model_agreement
resp_009a4cfc20de9b0f,rag_cov_03_11_incorrect,True,0.0,"The answer states that '-2 GPa is not physically valid', which is scientifically incorrect. Negative pressure (i.e., tensile stress) is physically valid in condensed matter physics — for example, in metastable stretched solids, liquids under tension, or in ab initio studies of materials under tensile load. While uncommon in standard experimental high-pressure reports (which typically use compressive, positive pressures), negative pressure is a well-defined and physically meaningful thermodynamic quantity when properly interpreted (e.g., as the negative of the first invariant of the stress tensor). The retrieved context itself supports this: it says negative pressure should not be used *unless a stress sign convention is explicitly defined*, implying it *can* be valid *with proper definition*. The answer erroneously conflates 'nonstandard usage' with 'physical invalidity', violating the scientific constraint prohibiting 'negative pressure as a valid physical condition' — but this constraint only applies if the answer asserts negative pressure is *inherently unphysical*, which it does.",1.0,,rag_cov_03_11_incorrect,False,1.0,The answer correctly states that a pressure of -2 GPa is not physically valid in a standard pressure report unless a stress sign convention is explicitly defined. The answer does not assert any scientifically invalid claims.,1.0,,rag_cov_03_11_incorrect,0
resp_0855d31aa9a58495,rag_cov_03_01_incorrect,True,0.0,"The answer states that '-2 GPa is not physically valid', which is scientifically incorrect. Negative pressure (i.e., tensile stress) is physically valid in condensed matter physics — it represents a metastable state under tension (e.g., in stretched liquids, nanoscale membranes, or elastically constrained solids). While rare and often unstable, negative pressures up to several GPa have been experimentally realized and are well-documented (e.g., in water under tension, or in diamond anvil cell experiments with suspended films). The context correctly notes that negative pressure requires an explicit sign convention in standard reporting, but does not claim it is *physically invalid*. Thus, the answer misrepresents the physics by conflating reporting convention with physical impossibility.",1.0,,rag_cov_03_01_incorrect,False,1.0,The answer correctly states that a pressure of -2 GPa is not physically valid in a standard pressure report unless a stress sign convention is explicitly defined. It does not assert any scientifically invalid values or conditions.,1.0,,rag_cov_03_01_incorrect,0
resp_005f1bf3fc545be3,mp_bal_v2_0422_stability_current,True,0.0,"Actinium (Ac) is a radioactive element with no stable isotopes; all isotopes decay, with the longest-lived (227Ac) having a half-life of ~21.8 years. Thermodynamic stability in materials science (as used in databases like Materials Project) refers to *ground-state thermodynamic stability against decomposition into other crystalline phases* — but this presumes the element itself is stable on relevant timescales. For elements with no stable isotopes, zero formation energy and zero energy above hull are unphysical idealizations: formation energy is defined relative to elemental references in their standard states, and for Ac, the standard state is a radioactive solid whose thermodynamics cannot yield a true zero formation energy in an absolute sense. More critically, Materials Project does not compute or reliably report thermodynamic data for radioactive elements like Ac — mp-862690 is likely a placeholder or extrapolated entry. Asserting 'Stable: True' for Ac contradicts nuclear physics and database limitations. Thus, the answer falsely implies thermodynamic stability without qualification, violating scientific constraints.",1.0,,mp_bal_v2_0422_stability_current,False,1.0,"The answer does not violate any scientific constraints. The provided data from the Materials Project indicates that Ac has a formation energy and energy above hull of 0.0 eV/atom, and is marked as stable, which is consistent with thermodynamic stability.",1.0,,mp_bal_v2_0422_stability_current,0
resp_00d381733ff87166,mp_bal_v2_0902_band_gap_current,False,1.0,"The answer correctly reports the band gap as 0.0 eV, which is consistent with the retrieved context and physically valid (indicating a metallic or semimetallic character). A zero band gap is scientifically acceptable and does not imply a negative or invalid band gap. The answer makes no categorical stability claim — it only reports the band gap, and the context explicitly states MgSi is unstable (which the answer does not contradict). No other scientific constraints are violated.",1.0,,mp_bal_v2_0902_band_gap_current,True,0.0,"The answer states that MgSi has a band gap of 0.0 eV, which would imply it is a metallic or semi-metallic material. However, the retrieved context also indicates that MgSi is not stable, and without thermodynamic stability, categorically stating its band gap as 0.0 eV may be misleading. Additionally, for a material to be metallic, it should have no band gap, but this specific value could be due to computational limitations or inaccuracies. Therefore, the answer violates the scientific constraint regarding the band gap of an unstable material.",1.0,,mp_bal_v2_0902_band_gap_current,0
resp_00f32a6805aad786,mp_bal_v2_0177_stability_current,True,0.0,"The answer incorrectly implies that elemental bismuth (Bi) is thermodynamically unstable based on the Materials Project data. However, elemental forms in their standard reference states (e.g., Bi(s) at 0 K and 0 atm) must have zero formation energy by definition — any nonzero formation energy for an element indicates either a computational artifact, incorrect reference state setup, or mislabeling in the database. A positive formation energy of ~0.215 eV/atom for elemental Bi contradicts thermodynamic convention and suggests the entry does not represent bulk crystalline Bi in its ground state (e.g., it may be a metastable polymorph or a calculation error). Therefore, asserting Bi is unstable based on this value violates fundamental thermodynamics. The answer fails to recognize this inconsistency and uncritically repeats the flawed data as evidence.",1.0,,mp_bal_v2_0177_stability_current,False,1.0,The answer correctly states that Bi is not thermodynamically stable based on the positive formation energy and energy above hull. There are no scientific inaccuracies or violations in the provided information.,1.0,,mp_bal_v2_0177_stability_current,0
resp_010e16a94a8d3858,mp_bal_v2_0489_stability_current,True,0.0,"The answer incorrectly states Li is not thermodynamically stable based on Materials Project data showing positive energy above hull and formation energy. However, elemental lithium (Li) in its standard state (body-centered cubic, space group 229) is by definition the reference for formation energy — its formation energy must be exactly 0 eV/atom by convention. A reported formation energy of +0.0088 eV/atom indicates either a data error or misassignment (e.g., non-elemental or defective structure), not actual instability of elemental Li. Asserting elemental Li is thermodynamically unstable contradicts fundamental thermodynamic conventions and experimental fact.",1.0,,mp_bal_v2_0489_stability_current,False,1.0,"The answer correctly states that Li is not thermodynamically stable according to the Materials Project data. The energy above hull and formation energy are both positive, which is consistent with the material being unstable. There are no violations of scientific constraints.",1.0,,mp_bal_v2_0489_stability_current,0
resp_0132e6f9514ee0d6,mp_bal_v2_0821_formation_current,True,0.0,"Bromine (Br) is a chemical element, not a compound or material in a specific crystal structure. Formation energy is a thermodynamic quantity defined relative to elemental reference states — i.e., the formation energy of an *element in its standard state* (e.g., Br₂(l) at 298 K) is, by convention, zero. Reporting a non-zero formation energy for elemental Br (as if it were a material like a solid phase of monatomic Br) is scientifically invalid. The Materials Project entry mp-998864 likely refers to a hypothetical or metastable *monatomic bromine solid* (not the stable diatomic liquid Br₂), but labeling it simply as 'Br' without clarifying that it's a non-standard, unstable phase — and then stating its formation energy as 'the formation energy of Br' — misrepresents chemical thermodynamics. Thus, the answer violates the constraint of assigning a non-zero formation energy to an element without specifying the non-standard phase and context, implying incorrectly that elemental Br has a positive formation energy in its natural state.",1.0,,mp_bal_v2_0821_formation_current,False,1.0,"The answer correctly states the formation energy of Br as reported by the Materials Project. The value is positive and the material is noted to be unstable, which is consistent with a positive formation energy.",1.0,,mp_bal_v2_0821_formation_current,0
resp_014334995e5b562d,mp_bal_v2_0981_formation_current,False,1.0,"The answer correctly reports the formation energy per atom as given in the retrieved context (0.11804604535714201 eV/atom). The context explicitly states this value and also clarifies that Mg4Si3 is unstable (‘Stable: False’) and has positive energy above hull — consistent with a positive formation energy. A positive formation energy does not by itself violate scientific constraints; it simply indicates thermodynamic instability relative to competing phases, which is physically valid and commonly reported. No invalid physical quantities, incorrect chemical symbols, band gap contradictions (band gap is 0.0 eV, consistent with metallic behavior), or crystallographic inconsistencies are present or implied.",1.0,,mp_bal_v2_0981_formation_current,True,0.0,"The material Mg4Si3 is reported as not being stable, and the formation energy is positive, which is inconsistent with a stable compound. The answer provides the formation energy but does not address the stability issue, leading to a violation of the scientific constraint that a stable material should not have a positive formation energy.",1.0,,mp_bal_v2_0981_formation_current,0
resp_01a14d5935fc26bc,mp_bal_v2_0838_formation_current,False,1.0,"The answer correctly reports the formation energy per atom of VO2 as -2.317210477499999 eV/atom, which matches the retrieved context. Although the material is labeled 'Stable: False' and has a positive energy above hull (0.205 eV/atom), the formation energy itself can be negative for metastable or unstable compounds — it reflects the energy relative to elemental references, not thermodynamic stability. A negative formation energy does not imply stability; stability requires energy above hull = 0. Thus, reporting the formation energy as stated is scientifically valid and does not violate any constraint.",1.0,,mp_bal_v2_0838_formation_current,True,0.0,"The answer provides a negative formation energy for VO2, which would imply that the material is stable. However, the context clearly states that VO2 (mp-1040910) is not stable, with an energy above hull of 0.205257699166653 eV/atom. A stable material should have a non-positive energy above hull. Therefore, the given formation energy is inconsistent with the stability information provided.",1.0,,mp_bal_v2_0838_formation_current,0
resp_01af79feb3c5f331,mp_bal_v2_0653_formation_current,True,0.0,"Cobalt (Co) is a well-known elemental metal and, by definition, its standard formation energy must be exactly 0 eV/atom under standard thermodynamic conventions (elements in their most stable reference state have ΔH_f° = 0). A nonzero formation energy for elemental Co — especially a positive value — contradicts fundamental thermodynamics. The retrieved context likely mislabels or misinterprets the quantity (e.g., it may report energy above hull or a computed deviation from a reference, not true formation energy). Stating 0.0896 eV/atom as 'the formation energy of Co' is scientifically incorrect.",1.0,,mp_bal_v2_0653_formation_current,False,1.0,"The answer correctly states the formation energy of Co as 0.08956573499999801 eV/atom, which is consistent with the provided context. There are no scientific inaccuracies or violations in the given answer.",1.0,,mp_bal_v2_0653_formation_current,0
resp_0203e28e19d28427,mp_bal_v2_0610_stability_current,True,0.0,"The answer incorrectly implies that elemental carbon (C) is thermodynamically unstable based on the retrieved Materials Project data. However, elemental carbon in its standard reference state (graphite) is thermodynamically stable by definition — its formation energy must be zero by convention. The reported positive formation energy (0.112 eV/atom) and non-zero energy above hull indicate that the specific entry (mp-66) likely corresponds to a metastable allotrope (e.g., diamond or another polymorph), not graphite. The answer fails to distinguish allotropes and misattributes instability to 'C' generically, violating the fundamental thermodynamic convention that the most stable elemental form has ΔH_f = 0. Thus, the categorical statement 'C is unstable' is scientifically incorrect.",1.0,,mp_bal_v2_0610_stability_current,False,1.0,"The answer correctly states that C (mp-66) is not thermodynamically stable, as indicated by the positive energy above hull and formation energy. The provided values are consistent with the context, and there is no assertion of stability without thermodynamic evidence.",1.0,,mp_bal_v2_0610_stability_current,0
resp_023d7426b05c1378,mp_bal_v2_0597_formation_current,True,0.0,"The answer states the formation energy of elemental Pr (praseodymium) as 0.008044545 eV/atom, which is scientifically invalid. By definition, the standard formation energy of an element in its most stable elemental form (e.g., Pr metal in its ground-state crystal structure) is exactly zero by convention. Non-zero formation energy for a pure element indicates either a metastable allotrope or a computational artifact — but the answer presents it categorically as 'the formation energy of Pr' without qualification, implying the elemental reference state. This misrepresents thermodynamic convention and violates fundamental principles of thermochemistry.",1.0,,mp_bal_v2_0597_formation_current,False,1.0,"The answer correctly states the formation energy of Pr as reported in the context, and does not violate any scientific constraints.",1.0,,mp_bal_v2_0597_formation_current,0
resp_0240428b3221a165,mp_bal_v2_0748_stability_current,True,0.0,"The answer incorrectly implies Na is thermodynamically unstable based on a positive formation energy and energy above hull. However, elemental sodium (Na) in its standard state (body-centered cubic, space group 229) is by definition the reference state for formation energy — its formation energy must be exactly zero by convention. A reported formation energy of +0.0066 eV/atom indicates either a computational artifact, mislabeling, or erroneous entry in the database; it contradicts thermodynamic convention. Thus, asserting instability based on this value violates fundamental thermodynamic principles. Also, 'Stable: False' from Materials Project for elemental Na is physically incorrect — elements in their standard states are stable references and have zero formation energy and zero energy above hull.",1.0,,mp_bal_v2_0748_stability_current,False,1.0,"The answer correctly states that Na is not thermodynamically stable, as indicated by the positive energy above hull and formation energy. The values provided are consistent with the retrieved context, and there is no assertion of stability without thermodynamic evidence.",1.0,,mp_bal_v2_0748_stability_current,0
resp_02502b7bbc7b4b9f,mp_bal_v2_0752_formation_current,True,0.0,"The formation energy of elemental uranium (U) in its standard state (orthorhombic α-U, space group 63) is *by definition* 0.0 eV/atom *only if the reference states are the pure elements in their most stable bulk forms at 0 K*. However, the Materials Project uses elemental references based on their computed ground-state structures and energies — and for U, the computed energy of α-U is *not* set to zero by convention in the database; rather, formation energy is computed relative to elemental reservoirs (e.g., U(s) modeled as α-U), but the reported value of 0.0 eV/atom is only valid *if* the elemental reference is consistent and converged. More critically, the Materials Project entry mp-44 for elemental U *does not actually report 0.0 eV/atom formation energy* — this is a factual error in the retrieved context or misinterpretation. In reality, elemental formation energies in MP are defined relative to elemental crystals, so they *should* be near-zero but not necessarily exactly 0.0 due to computational setup (e.g., small numerical deviations, pseudopotential dependencies, or fitting errors). Reporting it as exactly 0.0 eV/atom without qualification is scientifically imprecise and misleading. Moreover, the answer treats the value uncritically, ignoring that formation energy of an element is a defined reference point, not a computed quantity in the same sense — asserting it as '0.0 eV/atom' as a concrete result (rather than a definitional baseline) misrepresents thermodynamic conventions.",1.0,,mp_bal_v2_0752_formation_current,False,1.0,"The answer correctly states the formation energy of U as 0.0 eV/atom, which is consistent with the retrieved context and does not violate any scientific constraints.",1.0,,mp_bal_v2_0752_formation_current,0
resp_0334f8fe3da21bf0,mp_bal_v2_0644_stability_current,True,0.0,"The answer states Pb is unstable based on a positive formation energy (0.042 eV/atom) and positive energy above hull, but elemental lead (Pb) is thermodynamically stable in its standard state (face-centered cubic, space group 225) — its formation energy must be zero by definition, as elements in their reference states have ΔH_f° = 0. The Materials Project value reported here is erroneous or misinterpreted; the cited entry (mp-22692) likely corresponds to a metastable or incorrectly relaxed structure, not bulk α-Pb. A positive formation energy for an elemental substance contradicts thermodynamic convention and indicates either a data error or misidentification. Thus, asserting Pb is unstable based on this value violates fundamental thermodynamics.",1.0,,mp_bal_v2_0644_stability_current,False,1.0,"The answer correctly states that Pb is not thermodynamically stable, as indicated by the positive energy above hull and formation energy. The values provided are consistent with the context, and there are no violations of scientific constraints.",1.0,,mp_bal_v2_0644_stability_current,0
resp_2a30b6719c7570e4,supp_cautious_superconductivity_claim_v007,True,0.0,"The retrieved context claim — 'MgO is a superconductor' — is scientifically false: MgO is a wide-band-gap insulator (~7.8 eV) with no experimental or theoretical evidence of superconductivity under ambient or high-pressure conditions. The answer fails to correct or flag this erroneous statement and instead treats the context as reliable by default. While the answer itself does not *assert* that MgO is a superconductor, it implicitly endorses the context’s credibility by using it as the sole basis for reasoning — and more critically, it omits well-established scientific knowledge: NaCl is a textbook ionic insulator (band gap ~8.5 eV), with no superconducting phase reported at any temperature or pressure. A scientifically sound answer must either reject the false premise in the context or provide accurate background. Its silence on the implausibility of MgO superconductivity and lack of authoritative information on NaCl constitutes a violation of scientific integrity.",0.0,cautious_superconductivity_claim,supp_cautious_superconductivity_claim_v007,False,1.0,The answer correctly states that the context does not indicate NaCl to be a superconductor. There is no assertion of any scientifically invalid information.,0.0,cautious_superconductivity_claim,supp_cautious_superconductivity_claim_v007,0
resp_a3456632ed748007,supp_non_negative_pressure_c009,False,1.0,"The answer correctly reports the synthesis pressure (5.0 GPa) for MgO as stated in the retrieved context. The question asked for the synthesis pressure of LiCoO2, but the answer does not misrepresent or fabricate information about LiCoO2; instead, it accurately restates the only pressure value present in the context — which pertains to MgO. While the answer is irrelevant to the question (i.e., fails to address LiCoO2), the instruction is to evaluate *scientific constraints*, not relevance or completeness. There is no scientific violation: 5.0 GPa is a physically valid pressure, MgO is a real compound, and no false physical claim (e.g., negative pressure, impossible crystal structure, etc.) is made.",0.0,valid_chemical_symbols,supp_non_negative_pressure_c009,True,0.0,"The answer does not address the synthesis pressure of LiCoO2, instead providing information about MgO. This is a violation as it does not correctly answer the question and provides irrelevant information.",0.0,valid_chemical_symbols,supp_non_negative_pressure_c009,0
